cefr	lemma	example_de
A1	abgeben	Ich muss meine Schlüssel abgeben.
A1	abholen	Wann kann ich den Schrank bei dir abholen? Wir müssen noch meinen Bruder abholen.
A1	an	Fahren Sie an der nächsten Straße nach rechts. Wir treffen uns am Bahnhof. Am nächsten Montag geht es leider nicht.
A1	an sein	Heute Nacht war das Licht an.
A1	anbieten	Was darf ich dir anbieten?
A1	ander-	WiIlst du diese Jacke? – Nein, ich möchte die andere.
A1	anfangen	Hier fängt die Bahnhofstraße an. Der Unterricht fängt gleich an.
A1	anklicken	Da musst du dieses Wort anklicken.
A1	ankommen	Wann kommt dieser Zug in Hamburg an? die Ankunft Auf diesem Plan steht nur die Ankunft(-szeit) der Züge.
A1	ankreuzen	Auf dem Formular müssen Sie an mehreren Stellen etwas ankreuzen.
A1	anmachen	Mach bitte das Licht an! (sich) anmelden Wo kann ich mich anmelden?
A1	anrufen	Kann man Sie anrufen? Peter ruft kurz seine Freundin an.
A1	antworten	Er antwortet nicht.
A1	arbeiten	Wo arbeiten Sie?
A1	auf	Die Kinder spielen auf der Straße. Auf Wiedersehen. Wie heißt das auf Deutsch?
A1	auf sein	Du brauchst den Schlüssel nicht. Die Wohnung ist auf. aufstehen Ich muss immer um vier Uhr aufstehen. Soll ich aufstehen?
A1	aufhören	Der Kurs hört in einer Woche auf. Hier hört die Bahnhofstraße auf.
A1	aus sein	Das Licht ist aus. Die Schule ist aus.
A1	ausfüllen	Füllen Sie bitte dieses Formular aus.
A1	ausmachen	Mach bitte das Licht aus!
A1	aussehen	Das sieht schön aus.
A1	aussteigen	Wo muss ich aussteigen?
A1	baden	Ich bade nicht so gern, ich dusche lieber.
A1	bedeuten	Was bedeutet das Wort? beginnen Das Spiel beginnt um 15.30 Uhr.
A1	bei	Offenbach liegt bei Frankfurt. Ich wohne bei meinen Eltern. Bei uns regnet es heute. Er arbeitet bei der Polizei.
A1	beide	Beide Eltern arbeiten. Wir kommen beide.
A1	bekannt	Picasso ist sehr bekannt. der/die Bekannte, -n Ein Bekannter von mir heißt Klaus.
A1	bekommen	Haben Sie meinen Brief bekommen? Was bekommen Sie? Dieses Medikament bekommen Sie in der Apotheke.
A1	benutzen	Die Aufzüge bitte nicht benutzen!
A1	besetzt	Die Nummer ist immer besetzt. Der Platz ist besetzt.
A1	besichtigen	Ich möchte gern den Dom besichtigen.
A1	besser	Es geht mir schon besser.
A1	best-	Am besten treffen wir uns morgen.
A1	bestellen	Wir möchten bestellen, bitte. Dieses Buch haben wir nicht – sollen wir es für Sie bestellen?
A1	besuchen	Darf ich dich besuchen?
A1	bezahlen	Wo muss ich bezahlen?
A1	bleiben	Ich bleibe heute zu Hause. Wir bleiben nur bis morgen.
A1	brauchen	Brauchst du die Zeitung noch?
A1	bringen	Bringen Sie mir bitte noch einen Kaffee! Wir müssen ihn zum Arzt bringen.
A1	buchstabieren	Bitte buchstabieren Sie Ihren Namen.
A1	danken	Ich danke Ihnen für die Einladung.
A1	dauern	Wie lange dauert der Film?
A1	dein-	Ist das dein Auto? Ist das deins?
A1	denn	Ich kann nicht kommen, denn ich bin krank.
A1	der Arbeitsplatz, -ä, e	An meinem Arbeitsplatz fehlt ein Drucker.
A1	der, die, das	Ich nehme das da. Hier ist der Brief, den du suchst. Die Fahrkarte bekommst du am Bahnhof.
A1	dich	Die Blumen sind für dich.
A1	dies-	Ich nehme lieber diesen Kuchen.
A1	dir	Gefallen dir die Blumen?
A1	dort, -her, -hin	Deine Tasche kannst du dorthin stellen. Dort ist unser Haus.
A1	draußen	Wollen wir draußen sitzen?
A1	drucken	Bitte drucke das Formular für mich.
A1	drücken	Drück hier, dann geht der Computer an.
A1	dürfen	Sie dürfen hier nicht rauchen. Darf ich Sie zu einem Kaffee einladen? Es darf nicht mehr als 15 Euro kosten.
A1	ein-	Ich nehme ein Bier. Willst du auch eins? Ist hier einer, der das kann?
A1	einkaufen	Ich muss noch für morgen einkaufen.
A1	einladen	Darf ich Sie zu einem Kaffee einladen?
A1	einmal	Diese Prüfung mache ich nicht noch einmal.
A1	einsteigen	Schnell, steig ein, der Zug fährt gleich.
A1	empfehlen	Welchen Wein können Sie mir empfehlen?
A1	enden	Die Straße endet hier.
A1	entschuldigen	Entschuldigen Sie bitte!
A1	er	Er heißt Ali.
A1	erklären	Kannst du mir das erklären?
A1	erlauben	Rauchen ist hier nicht erlaubt.
A1	erzählen	Wir müssen euch etwas erzählen!
A1	es	Es regnet.
A1	essen	Was gibt es zu essen?
A1	euer	Euer Kurs beginnt heute. F
A1	fahren	Ich fahre mit dem Auto zur Arbeit.
A1	falsch	Das ist falsch.
A1	fehlen	Herr Müller ist nicht da, er fehlt schon seit drei Tagen. Was fehlt Ihnen?
A1	feiern	Wir feiern heute meinen Geburtstag.
A1	fernsehen	Wollen wir heute Abend mal fernsehen?
A1	fertig	Bist du fertig? Ist mein Auto schon fertig?
A1	finden	Wir müssen den Schlüssel finden. die Firma Er arbeitet jetzt bei einer anderen Firma.
A1	fliegen	Ich fliege nicht gern. Deshalb fahre ich mit dem Zug.
A1	fragen	Er möchte Sie etwas fragen. Wann kommen Sie?
A1	früher	Früher waren wir oft zusammen im Kino.
A1	frühstücken	Am Sonntag frühstücke ich gern im Bett.
A1	geben	Kannst du mir bitte deinen Kugelschreiber geben? Es gibt keine Karten mehr.
A1	geboren	Ich bin in Zagreb geboren. das Geburtsjahr Das Geburtsjahr Ihres Sohnes, bitte?
A1	gefallen	Das gefällt mir.
A1	gegen	Fahr nicht gegen den Baum! Ich bin gegen diese Lösung. Wer spielt gegen wen?
A1	gehen	Ich weiß nicht, wie das geht. Wie geht‘s? Jetzt muss ich (aber) leider gehen. Ich muss zum Arzt gehen. Das geht nicht!
A1	gehören	Wem gehört das?
A1	gestorben	Meine Frau ist gestern gestorben.
A1	gewinnen	Wer gewinnt das Spiel?
A1	glauben	Sie können mir glauben, es ist so. Ich glaube, er kommt gleich.
A1	gleich	Das ist mir gleich. Das ist der gleiche Preis. Ich komme gleich. das Gleis, -e Der ICE nach Berlin hält heute an Gleis 12.
A1	glücklich	Meine Kinder sind glücklich verheiratet.
A1	gratulieren	Ich gratuliere dir!
A1	grillen	Heute grillen wir im Garten.
A1	groß	Mein Bruder und ich sind gleich groß. Frankfurt ist eine große Stadt.
A1	gut	Das finde ich gut. Ich komme um 13 Uhr. – Gut! Guten Morgen! Ein gutes neues Jahr! Guten Appetit! H
A1	gültig	Der Pass ist nicht mehr gültig.
A1	günstig	Dort gibt es günstige Angebote.
A1	haben	Ich habe ein neues Auto.
A1	halten	Dieser Zug hält nicht in Rüdesheim.
A1	heiraten	Meine Schwester heiratet einen Japaner. heißen Ich heiße Charlotte Meier. Wie heißt das auf Deutsch?
A1	helfen	Können Sie mir helfen, bitte? hell Im Sommer ist es bis 21 Uhr hell.
A1	herzlich	Herzlichen Glückwunsch!
A1	hier	Hier ist 06131-553221, Pamela Linke. Hier wohne ich.
A1	hinten	Die Tür zum Aussteigen ist hinten.
A1	hoch	Der Mount Everest ist 8.880 Meter hoch.
A1	holen	Ich hole zwei Flaschen Wasser aus der Küche.
A1	hören	Hör mal! Was ist das? Ich habe das Lied schon mal gehört. das Hotel, -s Im Urlaub sind wir in einem Hotel am Meer. der Hund, -e Der Hund ist noch jung.
A1	ich	Ich heiße Veronika. ihr/ihm/ihn Gib ihr/ihm bitte das Buch. Ruf ihn bitte an.
A1	in	Ich wohne in Wiesbaden. Der Zug kommt in fünf Minuten. Frau Rausch arbeitet in einem Geschäft. Komm, wir gehen ins Kino.
A1	jed-	Blumen kannst du in jedem Bahnhof kaufen. jetzt Jetzt machen wir eine Pause.
A1	jung	Claudia ist 21. – Was? Noch so jung?
A1	kaputt	Das Glas war teuer. Es geht sehr leicht kaputt.
A1	kaufen	Tim kauft sich ein neues Auto.
A1	kein	Es gibt keine Eintrittskarten mehr.
A1	kennen	Kennen Sie diese Frau? – Nein, leider nicht.
A1	kochen	Herr Georgi kann gut kochen.
A1	kosten	Wie viel kostet das? – 10 Euro.
A1	krank	Ich kann heute nicht zur Arbeit kommen, ich bin krank und liege im Bett.
A1	kriegen	Ich kriege 15 Euro in der Stunde für meine Arbeit.
A1	kulturell	Ich bin kulturell interessiert. Ich gehe oft ins Museum.
A1	kurz	Ricardo hat kurzes Haar. L
A1	können	Ich kann Deutsch und Russisch. Können Sie mir helfen?
A1	lachen	Die Kinder lachen viel.
A1	laufen	Ich möchte nicht Auto fahren, ich möchte laufen.
A1	leben	Sie lebt bei ihrer Schwester. Ihre Eltern leben nicht mehr.
A1	ledig	Sind Sie verheiratet? – Nein. Ledig.
A1	legen	Legen Sie das Buch auf den Tisch. der Lehrer, – Unsere Deutschlehrerin heißt Frau Müller.
A1	lernen	Wie lange lernen Sie schon Deutsch?
A1	lesen	Ich lese ein Buch von García Márquez.
A1	liegen	Um neun Uhr liegt Judith noch im Bett. Frankfurt liegt am Main.
A1	links	Gehen Sie die nächste Straße links.
A1	lustig	Frau Mertens ist lustig. Sie lacht immer. M
A1	machen	Was machst du heute Abend? Ich muss jetzt das Essen machen. VS_02_280312 Seite 20 Inventare Das macht 5 Euro 95. Das macht nichts.
A1	man	Hier darf man nicht rauchen.
A1	mehr	Dieses Auto kostet 1.000 Euro mehr als das andere.
A1	meist-	Die meisten Norddeutschen sind sehr groß.
A1	mieten	Ich möchte ein Auto mieten.
A1	mit	Trinken Sie den Kaffee mit Milch?
A1	mitbringen	Ich gehe einkaufen. Soll ich dir was mitbringen?
A1	mitkommen	Ich gehe ins Kino. Kommst du mit?
A1	mitmachen	Warum macht ihr nicht mit?
A1	mitnehmen	Nehmen wir meine Schwester ins Kino mit?
A1	morgen	Morgen beginnt die Schule um 10 Uhr.
A1	möchten	Was möchten Sie trinken?
A1	mögen	Magst du Kaffee oder Tee? möglich Mit dieser Fahrkarte ist die Fahrt ab 9 Uhr möglich.
A1	müde	Ich bin müde. Ich gehe schlafen. der Mund Öffnen Sie den Mund. müssen Ich muss jeden Tag von 8 Uhr bis 18 Uhr arbeiten.
A1	nach	Ich gehe jetzt nach Hause. Ich fliege nach München. Es ist schon 5 nach 12.
A1	nehmen	Heute gibt es Hähnchen. Das nehme ich. Ich nehme den Bus.
A1	nächst-	Sehen wir uns nächste Woche?
A1	oder	Wann können Sie kommen – heute oder morgen?
A1	oft	Petra treffe ich oft.
A1	ohne	Ohne Geld kann er nichts kaufen. das Öl Den Salat machen wir ohne Öl.
A1	pünktlich	Der Bus fährt pünktlich um acht Uhr. Herr Müller ist immer pünktlich. VS_02_280312 Seite 22 Inventare R
A1	rauchen	Ich rauche nicht. der Raum, -ä, e Der Unterricht ist in Raum 332.
A1	rechts	Die Schillerstraße ist hier rechts.
A1	regnen	Heute regnet es.
A1	reisen	Ich reise gern. die Reise Wir machen eine Reise nach Österreich.
A1	reparieren	Er hat das Fahrrad repariert.
A1	riechen	Dieser Wein riecht gut.
A1	sagen	Sag mal, wie geht es dir denn?
A1	scheinen	Die Sonne scheint.
A1	schicken	Bitte schicken Sie mir eine E-Mail.
A1	schlafen	Ich schlafe meistens acht Stunden.
A1	schließen	Bitte, schließen Sie die Tür.
A1	schmecken	Schmeckt das gut?
A1	schreiben	Er schreibt jeden Tag fünfzig E-Mails. VS_02_280312 Seite 23 Inventare
A1	schwer	Ist Ihr Gepäck sehr schwer? Das ist eine schwere Arbeit.
A1	schwimmen	Ich schwimme jeden Tag einen Kilometer.
A1	sehen	Ich kann dich nicht sehen. Ich habe diesen Jungen schon einmal gesehen. die Sehenswürdigkeit, -en Welche Sehenswürdigkeiten gibt es in Frankfurt?
A1	sehr	Danke sehr! Das ist sehr schwer.
A1	sein	Herr Müller ist in seinem Zimmer. Mir ist kalt. Ich bin dreiundzwanzig.
A1	seit	Ich wohne seit drei Jahren in Köln.
A1	selbstständig	Er ist selbstständig.
A1	sich	Sie müssen sich erst anmelden.
A1	sich kümmern	Jede Mutter kümmert sich um ihre kleinen Kinder.
A1	sie	Wie heißt sie?
A1	sitzen	Wo sitzen Sie?
A1	sollen	Soll ich kommen? Was soll ich mitbringen?
A1	spielen	Die Kinder spielen draußen. Spielen Sie Karten?
A1	sprechen	Kann ich (mit) Herrn Klein sprechen?
A1	stehen	Ich glaube es nicht, aber es steht in der Zeitung. Der Bus steht schon an der Haltestelle.
A1	stellen	Stell die Tasche rechts in die Ecke! der Stock Unsere Wohnung liegt im ersten Stock.
A1	studieren	Ich studiere in Mainz.
A1	suchen	Suchst du etwas? T
A1	tanzen	Tanzen Sie gern?
A1	telefonieren	Darf ich mal telefonieren?
A1	teuer	Das ist mir zu teuer.
A1	tot	Sein Vater ist schon lange tot. (sich) treffen Ich treffe in der Stadt einen Kollegen. Wir treffen uns immer freitags.
A1	trinken	Möchtest du etwas trinken?
A1	tschüss	Junge Leute sagen meistens „tschüss!“ und nicht „auf Wiedersehen“.
A1	tun	Ich habe noch etwas zu tun. Was tut Ihr Mann? U
A1	umziehen	Nächsten Monat ziehen wir um.
A1	und	Peter und Helmut sind meine Söhne. VS_02_280312 Seite 25 Inventare
A1	unser-	Das ist unsere Lehrerin.
A1	unten	Er wohnt ganz unten im Haus. unter Unter uns wohnt eine Familie mit drei Kindern. der Unterricht Wir haben Unterricht von 8.00 bis 12.00 Uhr.
A1	unterschreiben	Wo muss ich unterschreiben? die Unterschrift Hier fehlt noch Ihre Unterschrift. der Urlaub Ich nehme im September Urlaub. V
A1	verboten	Hier ist Rauchen verboten.
A1	verdienen	Ich verdiene 1.500 Euro im Monat.
A1	verheiratet	Ich bin verheiratet und habe drei Kinder.
A1	verkaufen	Er verkauft sein altes Auto.
A1	vermieten	Die Wohnung ist schon vermietet. der Vermieter Unser Vermieter heißt Huber. Er wohnt auch hier.
A1	verstehen	Können Sie mich verstehen?
A1	viel	Hier regnet es viel.
A1	von	Das Auto von Felix ist kaputt. Er kommt gerade von Köln/von zu Hause.
A1	vor	Der Termin war vor einer Stunde. Das Auto steht vor der Tür.
A1	wandern	Wir wandern um den Chiemsee.
A1	wann	Wann bist du fertig? Wann kann ich Sie anrufen? Wann sind Sie geboren?
A1	warten	Können Sie ein paar Minuten warten? Auf wen warten Sie?
A1	warum	Warum kommt er nicht?
A1	was für ein	Was für eine Farbe möchten Sie? (sich) waschen Wo kann ich mir die Hände waschen? Ich muss morgen waschen.
A1	weh tun	Ich muss zum Arzt. Mein Bein tut weh.
A1	welch-	Welches Buch möchtest du?
A1	wenig	Ich habe leider nur wenig verstanden. Er verdient wenig.
A1	wer	Wer ist das?
A1	werden	Mein Sohn will Arzt werden.
A1	wichtig	Dieses Formular ist sehr wichtig.
A1	wie	Wie heißt du? Er schreibt wie ein Kind. Meine Frau ist so groß wie ich. Wie soll ich das machen? Wie groß ist die Wohnung? Wie bitte? Wie lange bist du schon hier?
A1	wie viel	Wie viel Milch nehmen Sie?
A1	wiederholen	Können Sie das bitte wiederholen? das Wiederhören Wir müssen jetzt Schluss machen. Also auf Wiederhören!
A1	willkommen	Herzlich willkommen!
A1	wir	Wir lernen Deutsch.
A1	wissen	Weißt du, wie er heißt? wo Wo waren Sie im Urlaub? Wo ist die Post? Wo sind Sie geboren?
A1	woher	Woher kommen Sie?
A1	wohin	Wohin fährt dieser Bus? Wohin wollen Sie am Wochenende?
A1	wohnen	Ich wohne in München.
A1	wollen	Wollen Sie einen Kaffee trinken? das Wort, -ö, er/-e Ich kenne das Wort nicht.
A1	zahlen	Zahlen, bitte!
A1	zu	Der Bus fährt zum Bahnhof. Ich gehe zu Fuß. Ich bin zu Hause. VS_02_280312 Seite 27 Inventare
A1	zufrieden	Ich bin mit der Wohnung zufrieden.
A1	zurück	Einmal Frankfurt und zurück. Wann kommst du zurück?
A1	zusammen	Sollen wir zusammen essen gehen? Das macht zusammen 2 Euro 80.
A1	zwischen	Heidelberg liegt zwischen Frankfurt und Stuttgart. Zwischen 8 und 10 Uhr bin ich zu Hause.
A1	öffnen	Ich öffne die Tür. geöffnet Der Laden ist samstags bis 16.00 Uhr geöffnet.
A1	übernachten	Du kannst bei mir übernachten.
A1	überweisen	Sie können das Geld auch überweisen. die Uhr Es ist vier Uhr. um Er kommt um sieben Uhr. Da kommt er gerade um die Ecke.
A2	abgeben,	Ich muss meinen Schlüssel an der Rezeption gibt ab, abgeben. hat abgegeben
A2	abholen, holt ab,	Wann kann ich die Sachen bei dir abholen?
A2	abschließen,	Hast du die Tür abgeschlossen?
A2	aktiv	Peter ist sehr aktiv und macht viel Sport.
A2	aktuell	Das ist das aktuelle Kinoprogramm.
A2	all-	Ich wünsche dir alles Gute! Hast du alles? Möchten Sie noch etwas? - Nein, danke. Das ist alles. Sind alle da? - Nein, Rita fehlt noch. Alle Freunde kommen.
A2	allein	Kommt seine Freundin mit? - Nein, er kommt allein. Soll ich Ihnen/dir helfen? - Nein danke, ich schaffe das schon allein.
A2	als	Hector ist jünger als seine Schwester. Sie arbeitet als Krankenschwester.
A2	also	Also, die Sache ist so: … Er hat Zeit, also kann er uns helfen.
A2	alt	Wie alt sind Sie? Mein Computer ist schon sehr alt. Wir wohnen in einem ganz alten Haus. Köln ist eine alte Stadt.
A2	am liebsten	Kaffee oder Tee? - Ich trinke lieber einen Tee. Am liebsten trinke ich Kaffee.
A2	anbieten,	Darf ich Ihnen/dir ein Stück Kuchen anbieten? bietet an,
A2	arbeiten, arbeitet,	Wo arbeiten Sie?
A2	arbeitslos	Seit wann ist er schon arbeitslos? Es gibt bei uns viele Leute, die schon lange arbeitslos sind.
A2	arm	Sie haben nicht viel Geld, sie sind arm.
A2	auch	Ich bin auch Spanier. Maria muss auch am Wochenende arbeiten. auf Das Wörterbuch liegt auf dem Tisch. Die Kinder spielen auf der Straße. Am Samstag gehen wir auf eine Party. Meine Eltern wohnen auf dem Land. Auf dem Foto ist auch meine Schwester. Die Tür ist auf, kommen Sie rein! Hat das Geschäft noch auf? Auf Wiedersehen. Wie heißt das auf Deutsch? auf jeden/ Ich möchte auf jeden Fall den neuen James-Bond-
A2	aufhören,	Wann hört ihr mit der Arbeit auf?
A2	aufmachen,	Kannst du bitte die Tür aufmachen? macht auf, hat aufgemacht
A2	aufpassen,	Pass auf, der Teller fällt gleich auf den Boden!
A2	aufregend	Die letzte Woche war sehr aufregend. Der Film ist nicht besonders aufregend.
A2	aufräumen,	Die Kinder müssen ihr Zimmer aufräumen. räumt auf, hat aufgeräumt
A2	aufstehen,	Ich stehe jeden Morgen um sieben Uhr auf. steht auf, ist aufgestanden
A2	aus	Italien, Conchi aus Spanien, Yin aus China …
A2	automatisch	Achtung, die Türen schließen automatisch! B
A2	backen,	Wenn du kommst, backe ich einen Kuchen. bäckt/backt, hat gebacken
A2	baden, badet,	Ich bade nicht so gern, ich dusche lieber.
A2	bar	Muss ich bar zahlen oder geht‘s auch mit Karte?
A2	basteln, bastelt,	Die Kinder haben etwas gebastelt. hat gebastelt
A2	bauen, baut,	Unsere Nachbarn bauen ein neues Haus. hat gebaut
A2	beantworten,	Können Sie meine Frage bitte beantworten?
A2	beantwortet,	Hast du die Mail schon beantwortet? hat beantwortet
A2	bedanken	(sich), Ich möchte mich noch einmal sehr herzlich für
A2	bedankt,	Hilfe bedanken. hat bedankt
A2	bedeuten,	Was bedeutet das Wort? bedeutet, hat bedeutet
A2	beeilen	(sich), Kannst du dich bitte beeilen? Der Bus fährt beeilt, gleich ab! hat beeilt
A2	besichtigen,	Ich möchte gern das Schloss besichtigen.
A2	besichtigt,	Sie können die Wohnung am Mittwochabend hat besichtigt besichtigen.
A2	besonders	Dieses Angebot ist besonders günstig. Hier ist die Pizza besonders gut. Wie geht's? - Nicht besonders.
A2	bestehen,	Ich habe die Prüfung bestanden!
A2	besteht,	Die Prüfung besteht aus vier Teilen: Hören, Lesen,
A2	bestellen,	Wir möchten bitte bestellen.
A2	bestellt,	Dieses Buch haben wir nicht da. Sollen wir es für
A2	bestätigen,	Ich kann bestätigen, dass er hier war. bestätigt, hat bestätigt
A2	besuchen,	Darf ich dich mal besuchen?
A2	besucht,	Möchtest du mich in den Ferien besuchen? hat besucht
A2	bewerben	(sich), Ich möchte mich um diese Stelle bewerben.
A2	bewirbt,	Kannst du mir bei meiner Bewerbung helfen? hat beworben
A2	bewölkt	Heute ist es bewölkt.
A2	bezahlen,	Wo kann ich bezahlen? bezahlt, hat bezahlt
A2	billig	Das Wörterbuch kostet nur fünf Euro. - Fünf Euro? Das ist aber billig!
A2	bis	Ich fahre nur bis Stuttgart. Ich warte bis Freitag. Tschüss, bis gleich!
A2	bisschen	Können Sie bitte ein bisschen lauter sprechen? Ich spreche ein bisschen Französisch. Möchten Sie noch ein bisschen Salat?
A2	bitte	Eine Tasse Kaffee bitte! - Bitte schön! Wie bitte? Sprechen Sie bitte ein bisschen lauter!
A2	bitten,	Darf ich Sie um etwas bitten? bittet, hat gebeten
A2	bitter	Kaffee ohne Zucker schmeckt bitter.
A2	chatten,	Luis chattet gern mit seinen Freunden im Internet. chattet, hat gechattet
A2	da	Welche Bluse nehmen Sie? - Die da. Ist Herr Klein schon da? Wir sprechen gerade über Paul. Da kommt er ja. Da drüben ist der Bahnhof. da(r) (Bsp. darauf, Darauf fällt mir keine Antwort ein. darüber) Darüber spreche ich nicht gern.
A2	dabei	(sein), Hast du einen Stift dabei?
A2	dafür/dagegen sein,	Ich bin dafür/dagegen. ist dafür/dagegen, war dafür/dagegen, ist dafür/ dagegen gewesen
A2	damals	Als Student hatte ich viel Zeit und wollte reisen. Aber damals hatte ich kein Geld.
A2	daneben	Du weißt doch, wo die Post ist. Daneben ist die Bank.
A2	danke	Soll ich Ihnen helfen? - Sehr freundlich, ja danke! Guten Appetit! - Danke gleichfalls.
A2	danken, dankt,	Ich danke Ihnen für die Einladung. hat gedankt
A2	dann	Ich muss noch schnell zur Post, dann komme ich. Wenn es nicht regnet, dann kommen wir.
A2	das	Alter (Sg.) Alter: 18 Jahre. || (Fahr)Rad, ¨-er Wenn es nicht regnet, fahre ich mit dem Fahrrad. || Fleisch (Sg.) Fleisch mag ich nicht. || Geld (Sg.) Hast du noch Geld? Kannst du mir ein bisschen Geld leihen? || Gemüse (Sg.) Wir kaufen das Gemüse immer auf dem Markt. Tomaten sind mein Lieblingsgemüse. || Gepäck (Sg.) Wollen Sie Ihr Gepäck mitnehmen? Sie können Ihr Gepäck auch im Hotel lassen. || Geschirr (Sg.) Stellst du bitte das Geschirr in den Schrank? || Internet (Sg.) Das findest du im Internet. Du kannst im Internet Musik hören oder Spiele spielen. || Mineral- Ein Glas Mineralwasser, bitte. || Mobil- Wie kann ich Sie erreichen? Haben Sie ein || Obst (Sg.) Obst kaufe ich immer auf dem Markt. Heute kaufe ich Äpfel und Orangen. oder Wann können Sie kommen – heute oder morgen? Entweder fahren wir mit dem Bus oder wir gehen zu Fuß. || Rezept geben? Dieses Medikament gibt es nur auf Rezept. || Rind Ich esse nur Fleisch vom Rind. || Studium (Sg.) Das Studium dauert drei Jahre. || Taschengeld Wie viel Taschengeld bekommen deine Kinder? (Sg.) || Verkehrs- Welche Verkehrsmittel benutzen Sie oft? mittel, - || Wasser (Sg.) Ein Glas Wasser, bitte. Gibt es hier kein warmes Wasser?
A2	das Auge, -n	Er hat blaue Augen. Mein rechtes Auge tut seit Sonntag weh.
A2	das Baby, -s	Wir haben ein Baby. Es ist sechs Wochen alt.
A2	das Bad, ¨-er	Das Haus ist sehr alt. Es hat kein Bad. Im Winter nehme ich gern ein warmes Bad.
A2	das Bett, -en	Sie ist krank und muss heute im Bett bleiben.
A2	das Bier, -e	Noch ein Bier, bitte.
A2	das Bild, -er	Hast du ein Bild von deinem Sohn?
A2	das Blatt, ¨-er	Haben Sie ein Blatt Papier für mich? Die Bäume haben schon gelbe Blätter.
A2	das Café, -s	Kommst du mit ins Café? Ich möchte gern einen Kaffee trinken.
A2	das E-Book, -s	Liest du lieber E-Books oder Bücher aus Papier? Entschuldigung, kann man hier E-Books kaufen?
A2	das Ei, -er	Möchtest du ein Ei zum Frühstück?
A2	das Erdgeschoss,-e	Ich wohne im Erdgeschoss.
A2	das Essen, -	Das Essen in der Cafeteria ist meistens ganz gut. Darf ich Sie zum Essen einladen?
A2	das Fach, ¨-er	Welches Fach magst du in der Schule am liebsten? (ab)fahren, Ich fahre mit dem Auto zur Arbeit.
A2	das Flugzeug, -e	Das Flugzeug aus Berlin hat Verspätung. Das Flugzeug startet in einer halben Stunde. Wir müssen uns beeilen.
A2	das Formular, -e	Sie müssen dieses Formular ausfüllen.
A2	das Foto, -s	Darf ich ein Foto machen?
A2	das Gegenteil , -e	Das Gegenteil von „klein“ ist „groß“.
A2	das Gehalt, ¨-er	Sie ist mit ihrem Gehalt zufrieden.
A2	das Gericht, -e	Mein Lieblingsgericht ist Pizza.
A2	das Gerät, -e	Elektrogeräte finden Sie im dritten Stock.
A2	das Geschenk, -e	Danke für das schöne Geschenk.
A2	das Geschäft, -e	Die Geschäfte schließen um 18.30 Uhr.
A2	das Gesicht, -er	Wasch dir bitte das Gesicht. Sie hat ein freundliches Gesicht.
A2	das Gespräch, -e	Sie hören ein Gespräch. Zu diesem Gespräch gibt
A2	das Getränk, -e	Mein Lieblingsgetränk ist Tomatensaft. Die Getränkekarte, bitte!
A2	das Handtuch, ¨-er	Gibst du mir bitte ein frisches Handtuch?
A2	das Handy, -s	In der Schule bitte die Handys ausmachen! Kannst du mir bitte deine Handynummer geben?
A2	das Haus, ¨-er	In welchem Haus wohnst du? Ich gehe jetzt nach Hause. Paul ist nicht zu Hause.
A2	das Heft, -e	Hast du dein Heft dabei?
A2	das Hemd, -en	Nick trägt heute ein neues Hemd.
A2	das Instrument, -e	Ich spiele Klavier. Spielen Sie auch ein Instrument?
A2	das Interesse, -n	Ich habe viele Interessen: Sport, Lesen, Kultur, Reisen.
A2	das Interview, -s	Komm schnell! Im Radio kommt ein Interview
A2	das Klavier, -e	Jakob kann sehr gut Klavier spielen.
A2	das Kleid, -er	Julia möchte ein rotes Kleid kaufen.
A2	das Konto, -en	Das Geld überweisen wir am ersten März auf Ihr Konto.
A2	das Konzert, -e	Für das Konzert am Sonntag gibt es noch Karten.
A2	das Leben, -	Hier in London ist das Leben teuer.
A2	das Licht, -er	Es ist so dunkel. Mach bitte das Licht an!
A2	das Lied, -er	Zum Geburtstag singen wir dir ein Lied.
A2	das Messer, -	Das Messer schneidet nicht gut. Ich habe nur ein Messer. Kannst du mir bitte noch
A2	das Mittagessen, -	Um zwölf Uhr gibt es Mittagessen.
A2	das Mittel, -	Haben Sie ein Mittel gegen Magenschmerzen? Das neue Waschmittel ist sehr gut.
A2	das Passwort, ¨-er	Bitte schreiben Sie Ihr Passwort. Sie brauchen ein Passwort. Ich habe mein Passwort vergessen.
A2	das Pferd, -e	Amira liebt Pferde. Sie reitet seit zehn Jahren.
A2	das Plakat, -e	Wir machen im Unterricht ein Plakat zum Thema „Essen und Trinken“.
A2	das Poster, -	Das Poster hängt über dem Bett.
A2	das Praktikum, -a	Ich mache ein Praktikum bei Siemens.
A2	das Problem, -e	Ich habe ein Problem. Können Sie mir bitte helfen?
A2	das Produkt, -e	Unsere Produkte haben eine sehr hohe Qualität.
A2	das Programm, -e	Dieses Programm im Radio interessiert mich nicht. Was kommt heute im Kino? Hast du das Programm hier?
A2	das Reisebüro, -s	Wir organisieren eine Rundreise durch Deutschland. Wir buchen die Reise im Reisebüro.
A2	das Restaurant, -s	Wir essen heute in einem Restaurant.
A2	das Rezept, -e	Dieser Kuchen schmeckt super! Kannst du mir
A2	das Schlafzimmer, -Hier	ist das Schlafzimmer.
A2	das Schloss, ¨-er	Am Wochenende besichtigen wir Schloss Neuschwanstein. An unserer Tür ist das Schloss kaputt.
A2	das Sofa, -s	Das Sofa ist bequem.
A2	das Spiel, -e	Welche Kartenspiele kennen Sie? Monopoly ist ein sehr bekanntes Spiel.
A2	das Stück, -e	Möchten Sie noch ein Stück Kuchen? Im Theater spielen sie heute das Stück „Romeo und Julia“.
A2	das T-Shirt, -s	Haben Sie dieses T-Shirt auch in M?
A2	das Tablet, -s	Hast du ein Tablet? - Nein, ich habe einen Laptop und ein Handy.
A2	das Taxi, -s	Bitte rufen Sie mir ein Taxi.
A2	das Team, -s	Ich arbeite gern in einem Team. Welches Fußballteam findest du am besten?
A2	das Wort,¨-er	Ich kenne das Wort nicht. Ich muss das Wort im Wörterbuch suchen.
A2	das Zelt, -e	Im Sommer schlafen wir manchmal im Zelt.
A2	das Zentrum, -en	Der Bahnhof ist im Stadtzentrum. Wohnst du im Zentrum? - Nein, ich wohne nicht
A2	das Zeugnis, -se	Morgen bekommen die Kinder ihr Zeugnis. (an-)/(aus)ziehen, Ich ziehe (mir) eine Jacke an.
A2	das Ziel, -e	John läuft sehr schnell. Er war als erster am Ziel. Was ist dein Ziel im Leben?
A2	dass	Rico hat gesagt, dass er auch zur Party kommt. Ich finde es super, dass du mich besuchst.
A2	de	Rentner, - / Mein Onkel arbeitet nicht mehr. Er ist Rentner.
A2	deinem	Lieblingssänger. J
A2	der	Dank (Sg.) Vielen Dank! Herzlichen Dank! || Durst (Sing.) Hast du etwas zu trinken? Ich habe großen Durst. || Ehepartner, - || Freund, -e, Das ist ein Freund von mir. || Reis (Sg.) Ich esse gern Reis mit Gemüse und Fisch. || Schnee (Sg.) In den Bergen liegt viel Schnee. || Ski, -, -er Gehen wir am Wochenende Ski fahren? Er kauft sich neue Ski. || Spaß (Sg.) Meine Arbeit macht mir Spaß. Ich will nicht aufräumen. Das macht mir keinen Spaß. Viel Spaß! || Spazier- Abends mache ich immer einen Spaziergang. gang, ¨-e || Stress (Sg.) Ich habe bei der Arbeit viel Stress. || Student, -en, Ich bin Studentin. || Verkehr (Sg.) Morgens gibt es hier immer viel Verkehr.
A2	der Apparat, -e	Was machen wir mit deinem alten Apparat? Ich habe einen neuen Fotoapparat.
A2	der Arm, -e	Mein Arm tut weh.
A2	der Artikel, -	Im Deutschen gibt es drei Artikel: der, die und Ich habe in der Zeitung einen interessanten Artikel gelesen.
A2	der Aufzug, ¨-e	In diesem Haus gibt es keinen Aufzug. Der Aufzug ist leider kaputt.
A2	der Automat, -en	Fahrkarten gibt es nur am Automaten. In Berlin ist der Fahrkartenautomat auf dem Bahnsteig.
A2	der Babysitter,-	Meine Tochter arbeitet als Babysitter bei einer Familie mit vier Kindern.
A2	der Bahnhof, ¨-e	Entschuldigung, komme ich hier zum Bahnhof?
A2	der Bahnsteig, -e	Auf Hauptbahnhöfen gibt es meist viele Bahnsteige.
A2	der Basketball, ¨-e	Yannick spielt lieber Basketball als Fußball.
A2	der Bauch, ¨-e	Seit gestern tut mir der Bauch weh.
A2	der Baum, ¨-e	Der Baum ist über hundert Jahre alt. Wir haben zwei Apfelbäume im Garten.
A2	der Besuch, -e	Wir bekommen am Wochenende Besuch. Ich mache einen Besuch im Krankenhaus.
A2	der Chef, -s	/
A2	der Club, -s	/ Gibt es hier einen Tennis-Club/Klub? Klub, -s Ich möchte gern tanzen gehen. Wo gibt es hier
A2	der Computer, -	Wann bekommst du deinen neuen Computer?
A2	der Drucker, -	Mein Drucker ist kaputt.
A2	der Ehemann,¨-er/	Das ist mein Ehemann/meine Ehefrau.
A2	der Eingang, ¨-e	Der Eingang ist um die Ecke.
A2	der Erwachsene,-n	Erwachsene zahlen zehn Euro, für Kinder ist der Eintritt frei. Dieser Film ist nur für Erwachsene.
A2	der Fahrplan, ¨-e	Ist das der neue Fahrplan?
A2	der Flohmarkt, ¨-e	Ich gehe gern auf den Flohmarkt. Diesen Hut habe ich auf dem Flohmarkt gekauft.
A2	der Flug, ¨-e	Ich möchte einen Flug nach Kanada buchen. Der Flug LH123 von München nach Frankfurt ist
A2	der Flughafen, ¨	Kannst du mich zum Flughafen bringen?
A2	der Fluss, ¨-e	Der Rhein ist ein großer Fluss.
A2	der Fotoapparat, -eIch	möchte mir einen Fotoapparat kaufen.
A2	der Hals, ¨-e	Mir tut der Hals weh. Ich habe seit gestern Halsschmerzen.
A2	der Hamburger, -	Einen Hamburger ohne Salat, bitte.
A2	der Haushalt, -e	Wer macht bei euch den Haushalt? - Meine Frau und ich machen den Haushalt zusammen: Ich wasche die Wäsche und sie putzt und räumt
A2	der Job, -s	Jenny hat einen neuen Job bei der Post. Ich suche noch einen Ferienjob.
A2	der Kiosk , -e	Zeitungen kannst du am Kiosk kaufen.
A2	der Koffer, -	Hast du den Koffer schon gepackt?
A2	der Kollege, -n	/ Wie heißt die neue Kollegin?
A2	der Kontakt, -e	Ich habe wenig Kontakt zu meinen Kollegen. Bitte schicken Sie mir Ihre Kontaktdaten!
A2	der Kopf, ¨-e	Mein Kopf tut weh!
A2	der Körper, -	Der Arzt sagt, ich muss etwas für meinen Körper tun, z. B. schwimmen oder Fahrrad fahren.
A2	der Mensch, -en	Die Menschen sind hier ein bisschen anders als
A2	der Mitarbeiter, -	Unsere Firma hat sieben Mitarbeiter.
A2	der Plan, ¨-e	Ich kaufe mir einen Stadtplan.
A2	der Platz, ¨-e	Hier ist noch ein Platz frei. Bitte nehmen Sie Platz! Ich wohne am Messeplatz 5. Ich finde keinen Parkplatz.
A2	der Preis, -e	Die Preise sind hier viel höher als bei uns.
A2	der Reiseführer, -	Ich kaufe mir einen Reiseführer von Berlin. Unser Reiseführer heißt Robert und ist sehr sympathisch.
A2	der Rest, -e	Hier sind 50 Euro. Den Rest gebe ich dir später. Es ist noch ein Rest Suppe da. Möchtest du noch?
A2	der Ring, -e	Ich habe meinen Ring verloren.
A2	der Rock, ¨-e	Der Rock ist zu eng.
A2	der Rucksack, ¨-e	Ich nehme lieber einen Rucksack als einen Koffer mit.
A2	der Rücken, -	Mein Rücken tut mir weh.
A2	der Schluss, ¨-e	Zum Schluss nochmals herzlichen Dank. Ich muss jetzt Schluss machen. Bis bald!
A2	der Schlüssel, -	Ich gebe Ihnen noch den Zimmerschlüssel. Ich finde meinen Schlüssel nicht.
A2	der Schmerz, -en	Haben Sie Schmerzen? Ich habe Bauchschmerzen.
A2	der Schrank, ¨-e	Die Gläser stehen im Schrank. Legst du bitte die Handtücher in den Schrank?
A2	der Schuh, -e	Zieh die Schuhe aus! Die neuen Schuhe sind mir zu eng. Sie drücken.
A2	der Stuhl, ¨-e	Ist der Stuhl frei?
A2	der Supermarkt, ¨-eIch	kaufe oft im Supermarkt ein.
A2	der Tee, -s	Ich trinke morgens immer Tee.
A2	der Umzug, ¨-e	Der Umzug ist nächste Woche.
A2	der Vermieter, -	/ Unser Vermieter ist nett.
A2	der Vertrag, ¨-e	Ich muss den Vertrag noch unterschreiben.
A2	der Vogel, ¨-	Nadine mag Vögel. Morgens singen die Vögel immer laut.
A2	der Weg, -e	Das ist der kürzeste Weg. Können Sie mir bitte den Weg zum Flughafen beschreiben?
A2	der Wein, -e	Nein danke, ich möchte keinen Wein.
A2	der Workshop, -s	Das war ein toller Workshop. Ich habe viel gelernt. Am Freitag gibt es einen Computer-Workshop in
A2	der Wunsch, ¨-e	Ich wünsche Ihnen alles Gute! Sie wünschen? –Ich möchte ein halbes Kilo Äpfel, bitte. Haben Sie noch einen Wunsch? Was ist dein größter Wunsch?
A2	der Zahn, ¨-e	Der Zahn tut mir schon seit einer Woche weh.
A2	der Zettel, -	Hast du einen Zettel für mich? Ich muss etwas notieren. Schreiben Sie Ihre Telefonnummer bitte auf den Zettel.
A2	der/das	Comic, -s Mein Sohn liest immer nur Comics. || Laptop, -s Ich brauche einen neuen Laptop.
A2	der/die	Viele Jugendliche hören den ganzen Tag Musik. Jugendliche, -n Der Eintritt für Kinder und Jugendliche bis 16 ist frei.
A2	die	Bewerbung, -en || Ehefrau, -en/ || Erlaubnis (Sg.) Haben Sie eine Arbeitserlaubnis? || Freizeit (Sg.) In meiner Freizeit spiele ich oft Fußball. || Gesundheit Gesundheit! Sind Sie erkältet? (Sg.) || Heimat (Sg.) Ich komme aus der Schweiz. Das ist meine Heimat. Mein Heimatland ist Italien. Dort bin ich geboren. Jetzt lebe ich in Deutschland, das ist meine neue Heimat. || Jeans (Pl.) Ich mag Jeans lieber als Röcke. || Jugend- Wir übernachten in einer Jugendherberge. herberge, -n || Kleidung (Sg.) Wo finde ich Kleidung? – Hosen im ersten, Kleider und Röcke im zweiten Stock. || Kollegin, -nen || Kosmetik (Sg.) Kosmetik können Sie im Erdgeschoss kaufen. kosten, kostet, || Lebens- Lebensmittel bekommen Sie im Supermarkt. || Leute (Pl.) Auf der Party sind viele Leute. || Milch (Sg.) Die Milch steht im Kühlschrank. || Mitte. Ich habe bis Mitte August frei. || Möbel (Pl.) Eure Möbel sind sehr schön. || Polizei (Sg.) Rufen Sie die Polizei! || Pommes frites Die Kinder essen Bratwurst mit Pommes frites. (Pl.) || Postleit- Wie ist Ihre Postleitzahl? zahl, -en || Rentnerin, -nen || Ruhe (Sg.) Ruhe, bitte! Hier in der Bibliothek darf man nicht laut sprechen. Meine Großmutter ist krank. Sie braucht viel Ruhe. || Schokolade Julia liebt Schokolade. (Sg.) || Studentin, -nen || Süßigkeiten Welche Süßigkeiten isst du am liebsten? (Pl.) - Schokolade und Eis. || Über- Ich brauche eine Übersetzung von meinem Zeugnis. setzung, -en || Vermieterin, -nen
A2	die Adresse, -n	Können Sie mir Ihre Adresse geben?
A2	die Ahnung, -en	Ich hatte keine Ahnung, dass du heute Geburtstag hast. Wie spät ist es? - Ich habe keine Ahnung.
A2	die Ampel, -n	Du kannst fahren, die Ampel ist grün. Nach der Ampel musst du nach links fahren. an Fahren Sie an der nächsten Kreuzung nach rechts. Wir treffen uns am Bahnhof/am Kino/am Stand. Am nächsten Montag geht es leider nicht. Das Licht war die ganze Nacht an.
A2	die Arbeit, -en	Mein Bruder sucht Arbeit.
A2	die Banane, -n	Drei Bananen, bitte!
A2	die Band, -s	Was ist deine Lieblingsband? Anton spielt in einer Band.
A2	die Bank, -en	Bei welcher Bank haben Sie Ihr Konto?
A2	die Baustelle, -n	Vor unserem Haus ist eine große Baustelle.
A2	die Bibliothek, -en	Sie lernt jeden Tag in der Bibliothek.
A2	die Birne, -n	Ein Kilo Birnen, bitte!
A2	die Bitte, -n	Ich habe noch eine Bitte.
A2	die Cafeteria, -s	Ich gehe jetzt in die Cafeteria. Soll ich dir etwas mitbringen?
A2	die Chefin,-nen	Wir haben eine neue Chefin.
A2	die Creme, -s/-n	Ich suche eine Creme für die Hände. Der Kuchen schmeckt super! Was ist in der Creme? –Das ist eine Buttercreme mit viel Schokolade. D
A2	die Dame, -n	Damen (an der Toilette) Sehr geehrte Damen und Herren,
A2	die Datei, -en	Wo hast du die Datei gespeichert? Kannst du die Datei bitte öffnen?
A2	die Dusche, -n	Unsere Wohnung hat nur eine Dusche.
A2	die Ecke, -n	Gehen Sie an der nächsten Ecke links. Dann
A2	die Erfahrung, -en	Ich habe zehn Jahre Erfahrung in diesem Beruf.
A2	die Ermäßigung,-enFür	Schüler, Studenten und Rentner gibt es eine Ermäßigung.
A2	die Fahrkarte, -n	Hast du schon eine Fahrkarte? Ihre Fahrkarten, bitte!
A2	die Flasche, -n	Eine Flasche Mineralwasser, bitte!
A2	die Frage, -n	Ich habe eine Frage.
A2	die Frau, -en	Das ist Frau Becker. Guten Tag, Frau Schmitt! Hier arbeiten mehr Frauen als Männer.
A2	die Freundin, -nen	Das ist meine Freundin Susanne.
A2	die Geldbörse, -n	Sie hat ihre Geldbörse verloren.
A2	die Geschichte, -n	Erzählst du mir eine Geschichte? Ich interessiere mich nicht für Geschichte. Paul hat gute Noten in Geschichte.
A2	die Halle, -n	Wir treffen uns in Halle B. Wo ist die neue Sporthalle?
A2	die Haltestelle, -n	An der nächsten Haltestelle müssen Sie aussteigen.
A2	die Hand, ¨-e	Wasch dir bitte die Hände vor dem Essen.
A2	die Hauptstadt, ¨-e	Berlin ist die Hauptstadt von Deutschland.
A2	die Heizung, -en	Es ist kalt. Ist die Heizung kaputt?
A2	die Idee, -n	Was machen wir heute Abend? Hast du eine gute Idee?
A2	die Information,-en	Wir haben hier einige wichtige Informationen
A2	die Insel, -n	Ich möchte im Sommer auf einer Insel Urlaub machen. Rügen ist die größte deutsche Insel.
A2	die Jacke, -n	Zieh dir eine Jacke an. Es ist kalt.
A2	die Kirche, -n	Diese Kirche ist fast 800 Jahre alt.
A2	die Menge, -n	Wir haben noch eine Menge Zeit. Ich kenne eine Menge Leute in dieser Stadt.
A2	die Messe, -n	Kommst du mit zur Buchmesse nach Frankfurt?
A2	die Miete, -n	Wie viel Miete bezahlst du für deine Wohnung?
A2	die Mitte, -n	Den Schrank stellen wir an die Wand, den Tisch
A2	die Mode, -n	Wie findest du die neue Mode?
A2	die Note, -n	Eva hat immer sehr gute Noten in Deutsch.
A2	die Notiz, -en	Schreib mir bitte eine Notiz. Haben Sie einen Notizzettel für mich?
A2	die Nudel, -n	Möchten Sie lieber Reis oder Nudeln? –Lieber Nudeln, bitte.
A2	die Nummer, -n	Sie haben Zimmer Nummer zwölf. Welche Hausnummer haben Sie? Können Sie mir bitte Ihre Nummer geben? Haben Sie die Bluse auch eine Nummer kleiner?
A2	die Pause, -n	Von 12.00 bis 12.30 Uhr haben wir Mittagspause.
A2	die Person, -en	Eintritt pro Person: 5 Euro.
A2	die Pflanze, -n	Können Sie sich bitte um unsere Pflanzen kümmern? Wir sind nächste Woche im Urlaub.
A2	die Pizza, -s/-en	Mein Lieblingsessen ist Pizza. Eine Pizza mit viel Käse, bitte.
A2	die Portion, -en	Ich nehme eine kleine Portion Eis.
A2	die Post (Sg.) Entschuldigung, wo	ist die Post? Ist Post für mich da?
A2	die Postkarte, -n	Schreibst du mir eine Postkarte aus Kanada?
A2	die Praxis, -en	Unsere Praxis ist ab acht Uhr geöffnet. Frau Doktor Weiß hat ab neun Uhr Sprechstunde.
A2	die Reise, -n	Wir machen eine Reise nach Österreich. Ich mache nächste Woche eine Geschäftsreise.
A2	die Reparatur, -en	Die Reparatur ist sehr teuer.
A2	die Rezeption, en	Geben Sie bitte den Schlüssel an der Rezeption
A2	die Rose, -n	Er schenkt seiner Freundin rote Rosen zum Geburtstag.
A2	die Schule, -n	Meine Tochter geht schon in die Schule. Die Schule ist gleich hier um die Ecke.
A2	die Situation, -en	Ich bin in einer schwierigen Situation. Ich weiß nicht, was ich tun soll. Lesen Sie die Anzeigen und die Aufgaben 11-15. Welche Anzeige passt zu welcher Situation?
A2	die Sonne, -n	Die Sonne scheint.
A2	die Speisekarte, -n	Entschuldigung, bringen Sie uns bitte die Speisekarte.
A2	die Suppe, -n	Schmeckt dir die Suppe?
A2	die Tablette, -n	Du sollst am Abend zwei Tabletten nehmen.
A2	die Tafel, -n	Der Lehrer schreibt das neue Wort an die Tafel. (z. B. Infotafel) Am Eingang gibt es Tafeln mit Informationen. Die Infotafel ist am Eingang.
A2	die Tasche, -n	Ich habe die Schlüssel in der Tasche. Ich habe nicht viel Gepäck. Nur eine Tasche.
A2	die Tasse, -n	Möchten Sie eine Tasse Kaffee? (aus)tauschen, Können wir bitte die Plätze tauschen?
A2	die Treppe, -n	Ich nehme die Treppe, nicht den Aufzug. Wo ist die Toilette? - Die Treppe hoch und dann links.
A2	die Tür, -en	Mach bitte die Tür zu!
A2	die Uhr, -en	Es ist vier Uhr. Geht deine Uhr richtig?
A2	die Verspätung,-en	Unser Zug hat leider 15 Minuten Verspätung.
A2	die Webseite, -n	Es gibt viele Webseiten mit Grammatikübungen.
A2	die Welt, -en	Ich möchte gern einmal um die Welt reisen. Die Studenten kommen aus vielen Ländern. Sie
A2	die Wolke, -n	Es gibt viele Wolken am Himmel. || Heute gibt es viele Wolken.
A2	die Wurst, ¨-e	Eine Wurst mit Pommes, bitte. Z
A2	die Wäsche, -n	Ich muss noch Wäsche waschen.
A2	die Zahl, -en	Können Sie die Zahl bitte wiederholen?
A2	die Zeit, -en	Ich habe heute keine Zeit.
A2	die Zeitschrift, -en	Diese Zeitschrift kauft Andrea jede Woche.
A2	die Zeitung, -en	Ich lese manchmal Zeitung. Wo ist die Zeitung von heute?
A2	direkt in der	Stadt.
A2	drucken, druckt,	Wähle einfach „Datei drucken“! hat gedruckt
A2	dumm	Ich finde den Film dumm. Entschuldigung, das war dumm von mir. Das ist mir zu dumm.
A2	dunkel	Um sechs Uhr ist es schon dunkel. Meine Schwester hat dunkle Haare. Ich will eine dunkelblaue Bluse kaufen.
A2	durch	Am besten gehen Sie durch die Tengstraße. Wir fahren mit dem Fahrrad durch den Wald.
A2	durfte,	Dürfen wir heute länger fernsehen?
A2	duschen	(sich), Ich bade nicht so gern, ich dusche lieber.
A2	duscht,	Möchten Sie sich duschen? Das Badezimmer ist hat geduscht hinten links. E
A2	dünn	Das Buch ist sehr dünn. Es hat nur 40 Seiten. Mein Bruder ist 1,80 Meter groß und 62 Kilo schwer, er ist zu dünn.
A2	dürfen, darf,	Sie dürfen hier nicht parken.
A2	echt	Ist das Bild ein echter Picasso? Der Film ist echt gut.
A2	egal	Das ist mir egal. Willst du Tee oder Kaffee trinken? –Egal.
A2	eigen-	Nicht alle Kinder haben ein eigenes Zimmer.
A2	eigentlich	Wir wollten eigentlich Freunde besuchen, aber
A2	eilig	Hast du es eilig?
A2	ein	Stück? Ich verdiene nicht genug.
A2	eine	Gabel bringen?
A2	einen	Club/Klub mit guter Musik?
A2	einfach	Die Prüfung ist ganz einfach. Ich verstehe das nicht. Kannst du es bitte einfacher sagen? Hin und zurück? – Nein, bitte nur eine einfache Fahrt nach Berlin.
A2	einig-	In diesem Text sind einige Fehler. Das dauert noch einige Zeit, bis das Essen fertig
A2	einkaufen,	Ich muss noch für morgen einkaufen. kauft ein, hat eingekauft
A2	erinnern	(sich), Erinnerst du dich an José? - Nein, ich erinnere erinnert, nicht an ihn, tut mir leid.
A2	erklären, erklärt,	Ich verstehe das nicht. Kannst du mir das erklären? hat erklärt
A2	erkältet sein,	Lisa ist erkältet. Sie kann heute nicht zur Schule ist erkältet, gehen. war erkältet, ist erkältet gewesen
A2	erlauben, erlaubt,	Meine Kinder dürfen diesen Film sehen. Ich habe hat erlaubt ihnen erlaubt.
A2	erlaubt sein,	Parken ist hier nicht erlaubt. ist erlaubt, war erlaubt, ist erlaubt gewesen
A2	erreichen,	Wenn wir uns beeilen, erreichen wir noch den
A2	erreicht, um acht	Uhr.
A2	erst	Wir können erst morgen kommen. Dina ist keine 18, sie ist erst 16 Jahre alt.
A2	erzählen, erzählt,	Wir müssen euch etwas erzählen!
A2	essen, isst,	Was gibt es zu essen? hat gegessen
A2	etwas	Ich muss dir etwas erzählen! Haben Sie etwas zum Schreiben? Ich habe leider nur Tee. Etwas anderes kann ich leider nicht anbieten. F
A2	fallen, fällt,	Pass auf, das Glas fällt gleich vom Tisch. ist gefallen
A2	fleißig	Ibrahim ist sehr fleißig. Er macht immer seine Hausaufgaben. (ab)fliegen, Ich fliege nicht gern; ich fahre lieber mit dem Zug.
A2	fliegt	(ab), Ich fliege in den Ferien nach Spanien.
A2	fotografieren,	Ich fotografiere gern. fotografiert, hat fotografiert
A2	fragen, fragt,	Er fragt, wann er kommen kann.
A2	frei	Entschuldigung, ist dieser Platz noch frei? Morgen haben wir frei. Eintritt frei.
A2	freiwillig	Manchmal bleibe ich freiwillig länger im Büro.
A2	fremd	Das weiß ich nicht; ich bin fremd hier. Ich reise gern in fremde Länder.
A2	freuen	(sich), Zum Geburtstag habe ich ein interessantes Buch bekommen. Ich freue mich sehr über das Geschenk.
A2	freundlich	Er ist immer sehr freundlich zu mir. Mit freundlichen Grüßen
A2	freut,	Die Kinder freuen sich schon auf die Ferien.
A2	frisch	Das Brot ist noch ganz frisch. Ich habe es gerade gekauft.
A2	froh	Ich bin froh, dass du kommen kannst. Frohes Fest!
A2	früh	Geht es auch später? Sechs Uhr ist mir zu früh. Ich muss morgen sehr früh aufstehen.
A2	fährt	(ab), Achtung an Gleis 17! Der Zug München - Paris
A2	fünf	Aufgaben. Das Gespräch mit Frau Kunz ist um 14 Uhr.
A2	für	Sie. Wenn Sie Fragen haben, gehen Sie zur Information.
A2	gegenüber	Die Post ist gegenüber vom Bahnhof. Die Hausnummer 84 ist gleich gegenüber.
A2	gehen, geht,	Ich weiß nicht, wie das geht.
A2	gehören, gehört,	Gehört der Stift dir? hat gehört
A2	genau	Sind Sie sicher, dass die Prüfung am 15. Juni ist? Ja, das weiß ich genau. Die Uhr geht genau. Es ist genau acht Uhr.
A2	genug	Es ist noch genug Pizza da. Möchtest du noch
A2	gerade	Kannst du später anrufen? Wir essen gerade. Was machst du gerade? Da kommt er ja gerade.
A2	geradeaus	Gehen Sie immer geradeaus!
A2	gern, lieber,	Ich helfe Ihnen gern.
A2	gestern	Gestern wollte ich dich anrufen.
A2	gesund	Ich hatte Grippe. Jetzt bin ich wieder gesund.
A2	hallo	Hallo Inge! Wie geht’s?
A2	halten, hält,	Dieser Zug hält nicht in Rüdesheim.
A2	hart	Ich finde das Bett zu hart. Die Brötchen sind ja ganz hart.
A2	hat	(aus)getauscht
A2	hat abgeholt	Wir müssen noch meinen Bruder abholen.
A2	hat abgeschlossen meine	Ausbildung ab. Achtung (Sg.) Achtung an Gleis drei: Die Türen schließen. Der fährt jetzt ab. Achtung! Pass auf! Der Verkehr ist hier gefährlich.
A2	hat aufgepasst	Er passt im Unterricht nicht auf.
A2	hat bestanden	Schreiben und Sprechen.
A2	hat bestellt	Sie bestellen?
A2	hat erinnert	Kannst du mich morgen bitte an meinen Arzttermin erinnern?
A2	hat erreicht	Bis 18 Uhr können Sie mich im Büro erreichen.
A2	hat erzählt	Erzählst du mir eine Geschichte?
A2	hat gearbeitet	Ich arbeite als Krankenschwester in einem Krankenhaus.
A2	hat gebadet	In diesem See darf man nicht baden.
A2	hat gedurft	Darf ich Sie zu einem Kaffee einladen?
A2	hat gefragt	Ich möchte Sie etwas fragen.
A2	hat gefreut	Ich freue mich, weil ich heute mit meinen Freunden Fußball spiele. Es/Das freut mich!
A2	hat gehalten	Kannst du mal kurz meine Jacke halten?
A2	hat gehangen/	Warum hast du das Bild noch nicht an die Wand gehängt gehängt? Das Bild von meiner Tochter hat im Wohnzimmer gehangen.
A2	hat geheißen	Wie heißt das auf Deutsch?
A2	hat gekocht	Das Wasser kocht.
A2	hat gekonnt	Können Sie mir helfen? Du kannst durch den Park laufen, das ist am schnellsten. Kann ich jetzt nach Hause gehen? Sie können mit dem Bus an den Bahnhof fahren.
A2	hat gekostet	Wie viel kostet das Buch? – 20 Euro.
A2	hat gelassen	Kann ich mein Auto hier stehen lassen? Ich kann meine kleine Tochter noch nicht allein lassen.
A2	hat gelebt	Ihre Großeltern leben nicht mehr.
A2	hat genannt ihn	Alex.
A2	hat genommen	Was möchten Sie? –Ich nehme einen Salat. Ich nehme den Bus.
A2	hat geplant	Morgen schwimmen ... ist ein guter Plan.
A2	hat gerochen	Hier riecht es nach Fisch.
A2	hat gerufen	Wir müssen einen Arzt rufen.
A2	hat geschlossen	18 Uhr.
A2	hat geschmeckt	Schmeckt's?
A2	hat geschnitten	Aua! Ich habe mich geschnitten!
A2	hat gesucht	Ich suche meine Brille. Wir suchen eine größere Wohnung.
A2	hat getan	Es tut mir leid, ich kann leider nicht kommen. Was kann ich für Sie tun?
A2	hat geweint	Weine bitte nicht!
A2	hat geübt zwei	Stunden.
A2	hat kontrolliert	Bitte öffnen Sie Ihren Koffer, wir müssen Ihr Gepäck kontrollieren.
A2	hat verloren	Wir haben das Fußballspiel verloren.
A2	hat/ist gelegen	Judith liegt noch im Bett. Frankfurt liegt am Main.
A2	hat/ist gesurft	Surfst du oft im Internet?
A2	heiraten, heiratet,	Meine Schwester heiratet nächsten Monat. hat geheiratet
A2	heiß	Vorsicht, der Tee ist heiß! Mir ist heiß. Kannst du das Fenster öffnen?
A2	heißen, heißt,	Ich heiße Charlotte Meier.
A2	helfen, hilft,	Würden Sie mir bitte helfen? hat geholfen
A2	hell	Im Sommer ist es bis 21 Uhr hell. Mein Zimmer ist sehr hell. Haben Sie das T-Shirt auch in hellblau?
A2	her/her-/-her	Komm bitte mal her! Herein! Die Tür ist offen. Woher kommen Sie?
A2	heraus/raus	Möchtet ihr nicht rauskommen? Das Wetter ist so schön. Kannst du bitte den Müll rausbringen?
A2	hängen, hängt,	Im Museum hängen moderne Bilder.
A2	hässlich	Ich finde das Kleid hässlich. Es gefällt mir nicht.
A2	hört auf,	Kannst du bitte damit aufhören? Ich muss jetzt hat aufgehört arbeiten.
A2	im	Süden. || Bett bleiben und viel Tee trinken.
A2	immer	Frau Bast kommt immer zu spät. in Ich wohne in Wiesbaden. Der Zug kommt in fünf Minuten. Frau Rausch arbeitet im Reisebüro. Komm, wir gehen ins Kino.
A2	informieren	Ich möchte mich vor der Reise über das Land (sich) (über), informieren.
A2	informiert,	Hast du dich über die Prüfung informiert? hat informiert
A2	intelligent	Einstein war sehr intelligent.
A2	interessant	Ich lese gerade ein interessantes Buch.
A2	interessieren	(sich), Ich interessiere mich für Fußball.
A2	interessiert,	Den Artikel über Brasilien finde ich sehr hat interessiert interessant.
A2	international	Unser Deutschkurs ist international: Silvana kommt
A2	ist	(ab)gefahren jetzt ab. || (ab)geflogen Wann fliegst du ab?
A2	ist dabei,	Schön, dass du da bist. Ist deine Familie auch war dabei, dabei? ist dabei gewesen
A2	ist gegangen	Wie geht‘s? - Es geht. Ich muss jetzt leider gehen. Ich muss zum Arzt gehen. Das geht (doch) nicht! Nimmst du die Straßenbahn? - Nein, ich gehe lieber zu Fuß.
A2	ist gekommen	Er wird bald kommen.
A2	ist gelaufen	Unsere Tochter ist erst ein Jahr alt, aber sie kann schon laufen. Wann läuft der Film?
A2	ist verreist erst nächste	Woche zurück.
A2	ja	Sind Sie Herr Watanabe? – Ja. Du bist hier in Berlin? Das ist ja toll!
A2	jeder, e, s	Das Restaurant hat jeden Tag geöffnet. Jedes Kind bekommt einen Ball.
A2	jemand	Hat jemand meinen Stift? Hallo, ist jemand da?
A2	jetzt	Jetzt machen wir eine Pause.
A2	joggen, joggt,	Ich jogge gern im Park. ist/hat gejoggt
A2	keine	Zeit.
A2	keinen	Fall Film sehen. - Wirklich? Ich finde James-Bond-Filme langweilig. Ich sehe ihn auf keinen Fall an!
A2	klappen, klappt,	Können wir uns heute Mittag treffen? –Ja, das hat geklappt klappt. Wie war die Reise? - Gut, es hat alles super geklappt.
A2	klar	Kommst du mit? – Klar! Ich komme morgen zu deiner Party, das ist doch klar.
A2	klein	Unsere Wohnung ist sehr klein. Unsere Tochter ist noch klein. Sie ist erst zwei Jahre alt. Wir machen am Wochenende einen kleinen Ausflug.
A2	klug	Molly ist ein kluges Mädchen. Lisa ist sehr klug. Sie bekommt immer gute Noten. Das ist klug von dir.
A2	kochen, kocht,	Herr Georgi kann gut kochen.
A2	komisch	Der Film war sehr komisch. Wir haben viel gelacht. Eine grüne Hose und gelbe Schuhe? Das sieht komisch aus. Das Essen schmeckt komisch. Probier mal!
A2	kommen	Sie zur Apotheke. Wir stellen das Regal in die Ecke.
A2	kommen aus der ganzen	Welt.
A2	kommen, kommt,	Woher kommen Sie? – Aus Frankreich.
A2	kontrollieren,	Können Sie bei meinem Auto bitte das Öl kontrolliert, kontrollieren?
A2	können, kann,	Ich kann Deutsch und Russisch. Aber Englisch kann konnte, ich nicht.
A2	lang	Die Hose ist zu lang. Können Sie sie ändern?
A2	lange	Wie lange fährt der Zug von Hamburg nach Berlin?
A2	langsam	Könnten Sie bitte etwas langsamer sprechen?
A2	langweilig	Mir ist langweilig. Sie findet Fußball sehr langweilig.
A2	lassen, lässt,	Lass mich in Ruhe!
A2	laufen, läuft,	Ich gehe jeden Morgen laufen.
A2	laut	Nicht so laut! Das Baby schläft.
A2	leben, lebt,	Sie lebt bei ihrer Schwester.
A2	leer	Die Kanne ist fast leer. Ich mache neuen Tee.
A2	legen, legt,	Legen Sie das Buch auf den Tisch. hat gelegt
A2	leicht	Das Paket ist leicht, es wiegt nur ein Kilo. Die Aufgabe ist nicht leicht.
A2	leider	Leider kann ich nicht kommen. Ich muss zum Arzt.
A2	leidtun/leid tun,	Es tut mir leid, dass ich nicht kommen kann. tut leid, hat leidgetan
A2	leihen, leiht,	Kannst du mir fünf Euro leihen? hat geliehen
A2	leise	Seid leise. Die anderen schlafen schon.
A2	lernen, lernt,	Wie lange lernen Sie schon Deutsch? hat gelernt
A2	lesen, liest,	In der Schule lesen wir ein Buch von Goethe. hat gelesen
A2	letzt-	Morgen ist der letzte Kurstag. Was hast du letzte Woche gemacht?
A2	lieb-	Liebe Susanne, lieber Hans, Ich fahre lieber mit dem Zug als mit dem Bus. Möchtest du Pommes oder lieber eine Pizza?
A2	lieben, liebt,	Ich liebe dich! hat geliebt Lieblings- Meine Lieblingsfarbe ist Blau.
A2	liefern, liefert,	Wir liefern Ihnen den Schrank nach Hause. hat geliefert
A2	liegen, liegt,	Die Zeitung liegt auf dem Tisch.
A2	mein	Zelt mitnehmen. Warum spielt ihr nicht mit?
A2	meine	Tante aus Kanada kommt.
A2	meiner	Firma.
A2	meistens	Meistens trinke ich zum Frühstück nur einen Kaffee.
A2	merken, merkt,	Ich kann mir keine Zahlen merken. Ich vergesse hat gemerkt sofort. Merkst du, dass es wärmer wird?
A2	mieten, mietet,	Ich möchte ein Auto mieten. hat gemietet
A2	mindestens	Bitte kommen Sie mindestens zwei Stunden vor Ihrem Flug zum Flughafen. Schreiben Sie mindestens sieben Sätze! Ich warte schon mindestens 20 Minuten. Wann kommst du denn endlich?
A2	mittel	(Pl.)
A2	mochte,	Süßigkeiten. hat gemocht
A2	modern	Das Stadtzentrum von Frankfurt ist sehr modern.
A2	möchten, möchte,	Was möchten Sie trinken? mochte, hat gemocht
A2	mögen, mag,	Magst du Schokolade? - Nein, ich mag keine
A2	möglich	Kann ich bitte sofort einen Termin haben? - Das leider nicht möglich.
A2	nein	Möchten Sie ein Stück Kuchen? –Nein, danke. Fährst du auch nach München? – Nein, ich habe
A2	nennen, nennt,	Mein Freund heißt Alexander, aber alle nennen
A2	nervös	Bei Prüfungen bin ich immer sehr nervös.
A2	nett	Ich habe viele nette Kollegen. Vielen Dank! Das ist sehr nett von dir.
A2	neu	Ich bin der neue Mitarbeiter. Wir haben eine neue Wohnung. Zeig mal! Ist das dein neues Handy?
A2	nicht	Das stimmt nicht. Ich kann morgen leider nicht kommen. Lisa wohnt nicht in Hamburg, sie wohnt in Bremen.
A2	nichts	Das macht nichts. Hier kaufe ich nichts. Der Laden gefällt mir nicht.
A2	nie	Er kommt nie pünktlich.
A2	niemand	Hier ist niemand. Hier ist der Anrufbeantworter von Familie Klein. Leider ist im Moment niemand zu Hause.
A2	nirgends	Hier kann man nirgends parken. Wo ist Stefan? Ich kann ihn nirgends sehen.
A2	noch	Vielleicht kommt er noch. Es dauert noch ein paar Minuten. Ich habe noch 20 Euro.
A2	normal	Das ist doch ganz normal.
A2	notieren, notiert,	Notieren Sie bitte alle wichtigen Informationen. hat notiert
A2	notwendig	Muss ich noch einmal kommen? –Nein, das ist nicht notwendig.
A2	nur	Ich möchte nur ein Glas Wasser. Das T-Shirt kostet nur fünf Euro.
A2	nützlich	Danke für den Tipp. Er war sehr nützlich. O
A2	oben	Ich wohne oben im 4. Stock.
A2	passt auf,	Der Babysitter passt heute Abend auf die Kinder auf.
A2	planen, plant,	Wir sollen zusammen eine Klassenparty planen.
A2	plötzlich	Plötzlich war das Licht aus.
A2	praktisch	Mit meinem neuen Handy kann ich auch im Internet
A2	preiswert	Die Jacke ist sehr preiswert. Sie kostet nur 15 Euro.
A2	privat	Das ist meine Nummer im Büro und das ist meine
A2	private	Handynummer. Dieser Strand ist privat. Wir dürfen hier nicht schwimmen gehen. Hey, du darfst die Mail nicht lesen! Sie ist privat.
A2	pro	Das Zimmer kostet 100 Euro pro Nacht.
A2	probieren,	Möchten Sie den Käse probieren?
A2	probiert,	Die Tür geht schwer auf. Probier mal! hat probiert
A2	reisen, reist,	Ich reise gern. ist gereist
A2	reiten, reitet,	Möchtest du reiten lernen? ist geritten
A2	renovieren,	Wir renovieren das ganze Haus. renoviert, hat renoviert
A2	reparieren,	Er muss den Motor reparieren. repariert, hat repariert
A2	reservieren,	Reservieren Sie bitte ein Doppelzimmer.
A2	reserviert,	Ich möchte gern einen Tisch für fünf Personen reservierte, reservieren. hat reserviert
A2	richtig	Habe ich das richtig verstanden? Das ist richtig.
A2	riechen, riecht,	Diese Blumen riechen gut.
A2	romantisch	Dieser Film ist sehr romantisch. Meine Freundin ist total romantisch.
A2	rufen, ruft,	Rufst du bitte die Kinder. Das Essen ist fertig.
A2	ruhig	Ich möchte ein ruhiges Zimmer.
A2	schlecht	Das Wetter ist schlecht. Wir haben schon seit einer Woche schlechtes Wetter. Mir ist schlecht! Mir geht es schlecht. Ich habe Fieber.
A2	schließen,	Bitte schließen Sie die Tür.
A2	schließt ab,	Ich schließe dieses Jahr mein Studium/
A2	schließt,	Wir müssen uns beeilen, die Bank schließt um
A2	schlimm	Kein Problem, das ist nicht so schlimm.
A2	schmecken,	Schmeckt dir die Suppe?
A2	schmeckt,	Hat es Ihnen geschmeckt?
A2	schmutzig	Das Handtuch ist schmutzig.
A2	schneiden	(sich), Das Messer schneidet nicht gut.
A2	schneidet,	Wer schneidet dir die Haare?
A2	schneien,	Morgen schneit es. schneit, hat geschneit
A2	schnell	Warum fährst du so schnell?
A2	schon	Ist das Essen schon fertig? Ich wohne schon seit fünf Jahren in Freiburg.
A2	schrecklich	Ich finde ihren Rock schrecklich. Er sieht furchtbar aus! Ich finde den Film schrecklick. Er macht mir Angst.
A2	schreiben,	Ich schreibe dir eine E-Mail. schreibt, hat geschrieben
A2	schriftlich	Sie müssen sich schriftlich anmelden. Die schriftliche Prüfung dauert 70 Minuten.
A2	schön	Schöne Ferien! Das Bild ist sehr schön. Schön, dass du kommst.
A2	sich umziehen,	Warte bitte, ich muss mich noch umziehen. zieht sich um, zog sich um, hat sich umgezogen
A2	sicher	Dieses Auto ist besonders sicher. Ich bin ganz sicher, dass er kommt. Er ist sicher gleich da.
A2	sind wir doch zu	Hause geblieben. Kennst du eigentlich Susanne?
A2	singen, singt,	Er singt gern. hat gesungen
A2	sitzen, sitzt,	Wo möchten Sie sitzen? –Bitte ganz hinten. hat/ist gesessen
A2	so	Sie müssen das so machen! Fahren Sie bitte nicht so schnell! Meine Frau ist so groß wie ich. So, das war‘s/wär‘s!
A2	sofort	Bitte antworten Sie sofort. Sie können sich ab sofort für den Kurs anmelden.
A2	sogar	Heute ist es sehr kalt. In den Bergen schneit es sogar. Zu meiner Hochzeit kommen viele Gäste. Sogar
A2	sollen, soll,	Wann soll ich kommen und was soll ich mitbringen?
A2	sollte	Und, was hat der Arzt gesagt? –Ich soll drei Tage
A2	sonnig	Morgen ist das Wetter wieder warm und sonnig.
A2	sonst	Haben Sie sonst noch einen Wunsch? –Nein danke, das ist alles. Beeil dich, sonst kommen wir zu spät!
A2	spannend	Ich finde den Film sehr spannend.
A2	sparen, spart,	Ein neues Auto ist sehr teuer. Ich muss sparen. hat gespart
A2	spazieren gehen,	Wir gehen sonntags immer spazieren. geht spazieren, ist spazieren gegangen
A2	speichern,	Sie müssen die Datei speichern. speichert, hat gespeichert
A2	spät	Es ist schon spät, ich muss gehen.
A2	später	Das können wir später machen.
A2	streng	Der Lehrer von meiner Tochter ist sehr streng.
A2	stressig	Meine Arbeit ist stressig.
A2	studieren,	Ich studiere in Mainz. studiert, hat studiert
A2	suchen, sucht,	Suchst du etwas?
A2	super	Der Film ist super. Er kann super tanzen.
A2	surfen und	Fotos machen. Das finde ich sehr praktisch.
A2	surfen, surft,	Ich möchte gern surfen lernen.
A2	sympathisch	Der neue Chef ist sehr sympathisch. T
A2	süß	Ich finde die Torte zu süß. Ist das deine Tochter? Die ist ja süß!
A2	tanzen, tanzt,	Tanzen Sie gern? hat getanzt
A2	tauscht	(aus), Können wir unsere Adressen austauschen?
A2	teilen, teilt,	Wollen wir die Pizza teilen?
A2	telefon, -e	Mobiltelefon?
A2	trifft,	Wir treffen uns immer freitags. hat getroffen
A2	trinken, trinkt,	Möchtest du etwas trinken? hat getrunken
A2	trocken	Die Wäsche ist bald trocken.
A2	tschüs	Tschüs, bis morgen!
A2	tun, tut,	Mein Rücken tut weh.
A2	tut weh,	Ich will dir nicht wehtun. hat wehgetan
A2	typisch	Diese Musik ist typisch für dieses Land. Typisch Anna, sie kommt natürlich wieder zu spät. U
A2	um	21:00 Uhr. || Er kommt um sieben Uhr. Die Apotheke ist gleich um die Ecke.
A2	umsteigen,	Sie müssen in Mannheim umsteigen. steigt um, ist umgestiegen
A2	umziehen,	Nächsten Monat ziehen wir um. zieht um, ist umgezogen
A2	vergleichen,	Vergleichen Sie die Angebote!
A2	vergleicht,	Können wir die Antworten vergleichen? hat verglichen
A2	verkaufen,	Er verkauft sein altes Auto. verkauft, hat verkauft
A2	verletzen	(sich), Sind Sie verletzt? –Ja, am Bein.
A2	verletzt,	Haben Sie sich verletzt? hat verletzt
A2	verlieben	(sich), Ich bin total verliebt. verliebt, hat verliebt
A2	verlieren,	Ich habe meinen Schlüssel verloren.
A2	verliert,	Michael hat seine Arbeit verloren.
A2	vermieten,	Die Wohnung ist schon vermietet. vermietet, hat vermietet
A2	verpassen,	Ich habe den Zug verpasst. verpasst, hat verpasst
A2	verreisen,	Verreist ihr in den Ferien?
A2	verreist,	Frau Doktor Müller ist zur Zeit verreist. Sie kommt
A2	verschieben,	Leider muss ich den Termin verschieben. verschiebt, hat verschoben
A2	verschieden	Unsere beiden Kinder sind sehr verschieden. Ich habe diese Schuhe in verschiedenen Farben.
A2	verstehen,	Können Sie mich verstehen?
A2	versteht,	Ich verstehe diese Aufgabe nicht. hat verstanden
A2	versuchen,	Kann ich es auch einmal versuchen?
A2	versucht,	Haben Sie es schon einmal mit diesem Mittel hat versucht versucht?
A2	viel, e	Ich habe leider nicht viel Zeit. Viel Spaß! Im Winter sind viele Leute erkältet.
A2	vielleicht	Vielleicht bekomme ich diesen Job. Er besucht uns vielleicht am Wochenende. Kannst du mir vielleicht ein bisschen Geld leihen?
A2	voll	Morgens und abends sind die Züge immer sehr Die Flasche ist noch ganz voll.
A2	was	Was ist das? Was möchten Sie?
A2	waschen	(sich), Wo kann ich mir die Hände waschen? wäscht, hat gewaschen
A2	wasser	(Sg.) mit (+ mitbringen/ Trinken Sie den Kaffee mit oder ohne Zucker? -kommen/-machen/Fahren wir mit dem Auto oder mit dem Zug nach -nehmen/-spielen) Hamburg? Ich komme mit meinem Freund. Ich gehe einkaufen. Soll ich dir was mitbringen? Ich gehe ins Kino. Kommst du mit? Wir organisieren ein Fest. Möchtest du auch mitmachen? Wir fahren am Wochenende in die Berge. Ich muss
A2	wechseln,	Wir müssen den Reifen wechseln.
A2	wechselt,	Können Sie mir zehn Dollar wechseln? hat gewechselt
A2	wecken,	Bitte wecken Sie mich morgen früh um fünf. weckt, hat geweckt
A2	weg/weg-	Meine Brille ist weg. Ich finde sie nicht mehr. (wegbringen/ Bringst du bitte den Müll weg? -fahren/-gehen/ Können Sie Ihr Auto bitte wegfahren? -laufen/-machen/ Ich gehe jetzt weg. -nehmen/-werfen) Unser Hund ist weggelaufen. Kannst du das bitte wegmachen? Warum hast du dem Kind den Ball weggenommen? Sie können diese Papiere wegwerfen.
A2	wegen	Wegen seiner Arbeit kann er leider nicht kommen. Ich rufe wegen meiner Tochter an.
A2	wehtun,	Wo tut es weh?
A2	weiblich	Wählen Sie bitte: „weiblich“ oder „männlich“.
A2	weich	Ich möchte zum Frühstück ein weiches Ei. Das Bett im Hotel war zu weich.
A2	weil	Ich kann nicht kommen, weil ich arbeiten muss.
A2	weinen, weint,	Warum weint das Baby?
A2	weit	Zum Bahnhof ist es nicht weit.
A2	weiter	Der Bus fährt nicht weiter. (z. B. weiter- Können wir jetzt weitermachen? machen/-helfen) Entschuldigung, können Sie mir bitte weiterhelfen?
A2	welcher, -e, -s	Welcher Tag ist heute? Welchen Kurs möchtest du machen? Welche Bluse nehmen Sie? Welches Buch suchst du?
A2	wenig, -e	Ich habe leider nur wenig verstanden. Er verdient wenig.
A2	wenigstens	Ich habe keinen Hunger. - Ach, essen Sie
A2	wenigstens ein	Stück Kuchen.
A2	wieder ins	Büro.
A2	wollen, will,	Wollen Sie einen Kaffee trinken? wollte, hat gewollt (hat wollen als Modalverb)
A2	wunderbar	Diese Schokolade schmeckt wunderbar. Wir hatten im Urlaub wunderbares Wetter.
A2	wünschen	Ich wünsche mir eine Kamera zum Geburtstag.
A2	zahlen, zahlt,	Entschuldigung, zahlen bitte! hat gezahlt
A2	zeichnen,	Caterina kann gut zeichnen. Sieh mal das Bild hier. zeichnet, hat gezeichnet
A2	zeigen, zeigt,	Können Sie mir bitte den Weg zum Bahnhof zeigen? hat gezeigt
A2	zieht	(an/aus), Er hat sein T-Shirt ausgezogen und ein Hemd hat/ist angezogen. (an/aus)gezogen Die Nachbarn sind am Wochenende ausgezogen.
A2	ärgern	(sich), Warum ärgerst du dich? - Ich ärgere mich, weil
A2	ärgert,	Wetter schlecht ist. hat geärgert
A2	üben, übt,	Ich lerne gerade Gitarre spielen. Ich übe jeden
A2	über	Gehen Sie lieber hier über die Straße. Über uns wohnt Familie Schneider. Sind Sie über 18?
A2	überall	Ich habe überall gesucht, aber ich kann meine nicht finden.
A2	übermorgen	Morgen habe ich frei. Ich komme übermorgen
A2	übernachten,	Du kannst bei mir übernachten. übernachtet, hat übernachtet
A2	übersetzen,	Können Sie mir den Brief bitte übersetzen? übersetzt, hat übersetzt
A2	überweisen,	Sie können das Geld auch überweisen.
A2	überweist,	Ich überweise dir das Geld. hat überwiesen
B1	ab	1. Die Fahrt kostet ab Hamburg 200 Euro. 2. Ab nächster Woche bleibt unser Geschäft samstags geschlossen. 3. Mein Bruder besucht uns ab und zu. An der nächsten Kreuzung müssen Sie
B1	abbiegen, biegt ab,	links abbiegen.
B1	aber	1. Heute kann ich nicht, aber morgen ganz bestimmt. 2. Es lag sehr viel Schnee, aber Enzo ist trotzdem mit dem Motorrad gefahren. 3. Wir haben nur eine kleine Wohnung, sind aber damit zufrieden. 4. Es war sehr schön. Jetzt muss ich aber gehen. 5. Ich würde gerne kommen, aber es geht leider nicht. 6. Darf ich dich zu einem Kaffee einladen? – Aber ja, sehr gern. 7. Du spielst aber gut Klavier.
B1	abgeben, gibt ab, gab ab,	Müller abgeben.
B1	abhängig	abhängig.
B1	akzeptieren, können wir einen Vertrag	2. Wir haben in unserem Betrieb sehr gute Arbeitsbedingungen.
B1	akzeptierte, hat akzeptiert akzeptieren.	2. Nein, danke! Ich trinke keinen Alkohol. 2. Sonst noch (et)was? – Nein, danke. Das ist alles. 3. Alles Gute! 2. Soll ich Ihnen helfen? – Danke, ich schaffe es schon allein. 3. Es war sehr teuer. Allein das Essen hat schon über 50 Euro gekostet. 2. Das ist das Allerschönste, was ich je gesehen habe. 2. Es ist allgemein bekannt, dass man hier gut essen kann. 3. Im Allgemeinen bin ich mit meiner Arbeit sehr zufrieden.
B1	anerkennen, erkennt an, Meine Ausbildung wird hier nicht	2. Oliver ist anders als seine Freunde. 3. Ich würde das anders machen.
B1	anschließen, schließt an, Wo kann ich den Computer	schloss an, anschließen? 2. Ich brauche in meiner Wohnung einen Telefonanschluss.
B1	ansehen, sieht an, sah an, 1. Warum siehst du mich so erschrocken	2. Darf ich eure Urlaubsfotos ansehen?
B1	ansprechen, spricht an, Gestern hat mich unsere neue	2. Darf ich eure Urlaubsfotos ansehen?
B1	anstellen, stellt an, 1. Können Sie bitte die Heizung	stellte an, hat angestellt anstellen? 2. Mein Schwager ist bei einer Möbelfirma angestellt. 3. Da vorne ist die Kasse. Du musst dich anstellen.
B1	atmen, atmet, atmete, Er hat eine Erkältung und kann nicht	hat geatmet durch die Nase atmen. 2. Ich arbeite die ganze Woche und muss auch am Wochenende arbeiten. 3. Wir fahren auf jeden Fall, auch wenn es regnet. 4. Der Zug ist gerade eben abgefahren. 2. Die Kinder spielen unten auf der Straße. 3. Meine Eltern leben auf dem Land. 4. Gestern waren wir auf einer Party. 5. Auf unsere Anzeige in der Abendzeitung hat sich noch niemand gemeldet. 6. Wie heißt das auf Deutsch? 7. Meine Tochter kommt nächstes Jahr aufs Gymnasium. (D) (A, CH: ins) 8. Im Mai war ich auf Urlaub. (A) (D: in)
B1	aufregen, regt auf, 1. Es regt mich auf, dass ich schon wieder	3. Heute hast du eine Prüfung. Bist du schon aufgeregt? 4. Die Musikgruppe zu erleben war sehr aufregend.
B1	aufwachen, wacht auf, Von dem Lärm bin ich aufgewacht.	2. In letzter Zeit geht es wieder aufwärts mit der Wirtschaft. 2. Einen Augenblick, bitte! 3. Im Augenblick sind keine Plätze frei. 2. Frau Özgen kommt aus der Türkei. 3. Die Möbel sind noch aus der Zeit um 1900. 4. Ich trage nur Pullover aus reiner Wolle. 5. Wir haben aus Liebe geheiratet. 6. Wann ist der Kurs aus? 7. Ich seh‘ nichts! Das Licht ist aus!
B1	ausrichten, richtet aus, Mein Mann ist nicht da. Soll ich ihm	richtete aus, etwas ausrichten?
B1	aussehen, sieht aus, 1. Sie sehen wieder besser aus. Sind Sie	3. Es sieht so aus, als ob es bald regnen würde. 2. Außen ist das Haus nicht sehr schön. 2. Der Aufzug ist außer Betrieb. 3. Wir haben täglich außer Samstag geöffnet. 2. Der Film war langweilig, und außerdem haben die Schauspieler schlecht gespielt.
B1	baden, badet, badete, hat	1. Wenn du baden möchtest: Das Badezimmer ist dort hinten links.
B1	bald	1. Besuchen Sie uns doch bald mal. 2. Geben Sie mir bitte so bald wie möglich Bescheid. 3. Auf Wiedersehen, bis bald!
B1	behandeln, behandelt, 1. Welcher Arzt hat Sie bis jetzt	länger behandeln.
B1	bemühte, hat bemüht zu kochen.	2. Ich werde mich um einen Termin bemühen.
B1	benutzte, hat benutzt Verkehrsmittel.	2. Im Supermarkt einkaufen ist sehr bequem. 3. Diesen Sessel finde ich sehr bequem.
B1	beraten, berät, beriet, Unser Personal berät Sie gern, wenn	3. Diesen Sessel finde ich sehr bequem. hat beraten Sie Fragen haben.
B1	berechnete, hat berechnet berechnet werden.	2. Umfahren Sie den Baustellenbereich. 2. Das Paket liegt auf der Post für Sie bereit. 2. Wir fahren jeden Sonntag in die Berge.
B1	besetzte, hat besetzt 2. Ich habe drei Plätze besetzt.	3. Ich habe jetzt schon dreimal dort angerufen. Es ist immer besetzt.
B1	besichtigte, hat besichtigt brunn besichtigt.	2. Durch den Sturm gab es besonders in Süddeutschland schwere Schäden. 3. Wie geht’s? – Nicht besonders.
B1	bestand, hat bestanden Teilen.	2. Ich habe die Prüfung bestanden!
B1	bestellen, bestellt, 1. Wir haben Pizza bestellt.	2. Ich habe die Prüfung bestanden!
B1	bestellte, hat bestellt 2. Ich bin für 16 Uhr zum Vorstellungs-	3. Ich soll Ihnen Grüße von Frau Meier bestellen. 2. Möchtest du ein bestimmtes Brot?
B1	bestrafen, bestraft, Zu schnelles Fahren wird streng	2. Möchtest du ein bestimmtes Brot?
B1	besuchen, aber dann sind wir doch zu	2. Die Sängerin nennt sich Arabella. Aber eigentlich heißt sie Uschi Müller. 3. Was willst du eigentlich von mir?
B1	bieten, bietet, bot, 1. Er hat mir für den alten Wagen noch	2. Die Firma bietet ihren Mitarbeitern die Möglichkeit, Sprachkurse zu besuchen. 2. Wir haben einen Fernsehapparat mit einem sehr großen Bildschirm. 2. Bis wann können Sie bleiben? 3. Tschüs. Bis gleich! 4. Einige Züge hatten bis zu zwei Stunden Verspätung. 5. Für die Renovierung brauchen wir drei bis vier Tage. 6. Warte hier, bis ich zurückkomme. 2. Möchten Sie noch ein bisschen Reis? 3. Können Sie bitte ein bisschen lauter sprechen? 4. Sprechen Sie Englisch? – Ein bisschen.
B1	braten, brät, briet,	hat gebraten 1. Das Fleisch muss zehn Minuten braten. 2. Heute gibt’s gebratenen Fisch.
B1	brauchte, hat gebraucht 1. Ich brauche ein Auto.	2. Brauchst du die Zeitung noch? 3. Meine Großmutter ist krank. Sie braucht viel Ruhe. 4. Ich habe für die Renovierung eine Woche gebraucht. 5. Sie brauchen morgen nicht zu kommen. Ich schaffe das alleine.
B1	brechen, bricht, brach,	2. Ich habe mir im Urlaub das Bein gebrochen.
B1	breit	einen Meter breit.
B1	brennen, brennt, brannte,	2. Die Kerze brennt noch. Mach sie bitte aus. 3. In deinem Zimmer hat die ganze Nacht das Licht gebrannt.
B1	buchstabieren, buchsta- Würden Sie Ihren Namen bitte	biert, buchstabierte, buchstabieren? 2. Ihr Name beginnt mit K. – Buchstabe ist in Zimmer 3. Bitte warten Sie dort.
B1	böse	1. Ich habe das Buch leider vergessen. Hoffentlich bist du mir nicht böse. 2. Mach nicht so ein böses Gesicht! 3. Ich bin böse auf dich, du bist wieder nicht gekommen! 4. Zeig mal! Du hast dich verletzt? Das sieht aber böse aus.
B1	dagegen, dass ich nach Berlin ziehe.	3. Mein Chef ist Anfang fünfzig. 4. Meine Mutter war von Anfang an 5. Wir machen Anfang Juli Ferien. 6. Meine Freundin wohnt am Anfang der Straße.
B1	danken, dankt, dankte, Ich danke dir für die Einladung.	2. Hier ist Ihr Kaffee. – Vielen Dank! 3. Herzlichen Dank! 4. Gott sei Dank hat es nicht geregnet. 2. Guten Appetit! – Danke gleichfalls. 2. Wir waren pünktlich am Bahnhof. Aber dann hatte der Zug Verspätung. 3. Ich habe im Moment sehr viel zu tun. 4. Wenn es nicht regnet, dann kommen wir.
B1	das Abenteuer, -	1. Unser Urlaub war ein tolles Abenteuer. 2. Die Kinder lieben Aben- teuergeschichten. 1. Heute kann ich nicht, aber morgen
B1	das Bad,	2. Ich möchte ein Zimmer mit Bad.
B1	der Ausländer, - Viele Ausländer und Ausländerinnen	3. Wir hatten doch ausgemacht, dass du die Getränke besorgst. 4. Haben Sie einen Termin ausgemacht?
B1	der Bahnsteig, -e (D, A)	1. Besuchen Sie uns doch bald mal.
B1	der Balkon, -e	Balkon.
B1	der Ball, ¨-e	Ball.
B1	der Besuch, -e1. Wir bekommen Besuch.	2. Ich mache einen Besuch im Kranken- haus. 3. Ich bin hier nur zu Besuch.
B1	der Braten, -	2. Heute gibt’s gebratenen Fisch. Braten?
B1	der Empfang, ¨-e1. Bitte den Empfang bestätigen!	2. Ich bin mit dem Fernseher nicht zufrieden. Der Empfang ist sehr schlecht. 3. Zur Firmeneröffnung bitten wir zu einem kleinen Empfang.
B1	der Krankenpfleger, - Mein Bruder arbeitet als	Krankenpfleger im Krankenhaus.
B1	der Krankenwagen, - Wir mussten einen Krankenwagen	2. Was für eine Krankheit hat Herr Brandner? 2. Wir brauchen eine kreative Lösung für dieses Problem.
B1	die Abbildung, -en	1. Unser Urlaub war ein tolles Abenteuer.
B1	die Abfahrt, -en	bis zur Abfahrt.
B1	die Ausnahme, -n Normalerweise muss ich am	4. Haben Sie einen Termin ausgemacht? eine Ausnahme.
B1	die Badewanne, -n	sie sich in die Badewanne.
B1	die Bahn, -en	Die S-Bahn ist schneller als die S-Bahn, -en Straßenbahn.
B1	die Bank, ¨-e	Bei welcher Bank haben Sie Ihr Konto?
B1	die Bestätigung, -en Ich brauche eine schriftliche	Bestätigung für das Amt.
B1	die Botschaft, -en	Das Visum habe ich von der Botschaft bekommen.
B1	die Breite, -n	Länge:1m,Breite:80cm,Höhe:1,20
B1	die Bäckerei, -en	Bäckerei am Markt. 1. Wenn du baden möchtest: Das
B1	die Bürgerin, -nen überall in Europa arbeiten.	2. Ich möchte in einem Büro arbeiten. 2. Ich brauche eine Bürste für meine Haare.
B1	die Einladung, -en Danke für die Einladung.	2. Bitte rufen Sie morgen noch einmal an. 3. Auf einmal ging das Licht aus. 4. Ich kann nicht alles auf einmal machen. 5. Sehen wir uns (ein)mal wieder? 6. Vor Jahren habe ich (ein)mal in Wien gewohnt. 7. Komm doch bitte (ein)mal her und hilf mir.
B1	die Entscheidung, -en Diese wichtige Entscheidung möchte	2. Ich bin noch immer unentschieden, was ich morgen tun soll.
B1	die Fahrkarte, -n Fahrkarten bekommt man am	2. Haben Sie schon den neuen Sommerfahrplan? 2. Rufen Sie auf jeden Fall vorher noch einmal an. 3. Für den Fall, dass meine Mutter aus dem Krankenhaus kommt, bleibe ich Hause.
B1	die Gewerkschaft, -en Die Gewerkschaft vertritt die	2. Sie dürfen Gepäck bis zu einem Gewicht von 15 kg mitnehmen.
B1	die Hörerin, -nen Hörerinnen.	2. Dietmars neue Freundin ist sehr hüb- sch. 2. Den Humor des Komikers verstehe ich nicht.
B1	die Jugendliche, -nen Disko.	2. Der Eintritt ist für Kinder und Jugendliche bis 16 Jahre frei. 2. Meine Mutter ist jung geblieben. 3. Claudia ist 21. – Was? Noch so jung? 4. Ich habe sehr jung geheiratet. 5. Bei uns im Haus wohnen viele junge Leute. 6. Mein Bruder ist zehn Jahre jünger als ich. 7. Ich bin in unserer Familie die Jüngste.
B1	die Karotte, -n Hasen fressen gern Karotten.	2. Diese Karte gilt nur für die 2. Klasse. 3. Hast du schon die Karten für das Konzert abgeholt? 4. Haben Sie eine Karte von Nord- deutschland? 5. Herr Ober, bitte die Speisekarte. 6. Spielen Sie Karten?
B1	die Kursleiter, -nen Kursgruppe manchmal in den	2. Achtung. Das Stauende ist gleich hinter einer Kurve. 2. Kann ich Sie kurz sprechen? 3. Kurz vor 8 Uhr hat das Telefon geklingelt. 4. Mein Mann ist kurz nach mir gekommen. 5. Ich bin vor Kurzem nach München gezogen. 6. Ich wohne seit Kurzem in München. 7. Ich habe das Kleid kürzer machen lassen.
B1	die Lehrerin, -nen gaben gegeben.	2. Es ist nicht leicht, bei diesem Arzt einen Termin zu bekommen.
B1	die Leiterin, -nen	2. Tut mir leid, alle Leitungen sind besetzt. 3. Wir müssen eine neue Leitung legen lassen.
B1	die Änderung, -en Es gibt eine Programmänderung.	2. Oliver ist anders als seine Freunde. 3. Ich würde das anders machen.
B1	die, das.	2. Im Deutschen gibt es drei Artikel: der, der Arzt, ¨-e 1. Ich muss heute zum Arzt. die Ärztin, -nen 2. Wann warst du beim Zahnarzt? das Asyl Die Menschen sind auf der Flucht und bitten um Asyl.
B1	dienen, dient, diente, 1. Solche Kontakte dienen der	2. Dieser Raum dient als Aufenthaltsraum. 3. Er hat der Firma viele Jahre lang gedient. 2. Morgen habe ich Dienst. Deshalb kann ich nicht kommen. 2. Welche Hose nehmen Sie? – Diese hier. 2. Das Dorf liegt direkt an der Autobahn. 3. Gibt es keinen direkten Zug nach Hamburg? 4. Sie übertragen das Fußballspiel direkt.
B1	drehen, dreht, drehte, 1. Drehen Sie zum Einschalten den	2. Die Kinder drehen sich zur Musik im Kreis. 3. Bei Familie Huber dreht sich jetzt alles um das Baby. 2. Ich erwarte einen dringenden Anruf. 3. Bitte kommen Sie schnell. Es ist dringend. 2. Bei der Hitze ist es drinnen viel angenehmer. 3. In der Packung ist nichts mehr drin.
B1	drucken, druckt, druckte, 1. Warum hast du den Brief noch nicht	2. Bei welcher Firma haben Sie diese Prospekte drucken lassen? 3. Du gehst einfach auf „Datei drucken“!
B1	drücken, drückt, drückte, 1. Sie brauchen nur auf den Knopf zu	hat gedrückt drücken. 2. Die neuen Schuhe drücken. 3. Wenn du hier drückst, geht die Tür auf. 2. Wie hoch muss der Druck in den vorderen Reifen sein? 2. Mir ist etwas Dummes passiert. 3. Ich fand den Film wirklich sehr dumm. 2. Meine Schwester hat dunkle Haare. 3. Ich habe mir eine dunkelblaue Bluse gekauft. 2. Warum ziehst du nur so einen dünnen Mantel an? Es ist kalt draußen. 2. Wenn Sie zum Bahnhof gehen, kom- men Sie durch die Goethestraße.
B1	einführen, führt ein, 1. Dürfen wir diese Ware ins Land	führte ein, hat eingeführt einführen? 2. Wir haben letztes Jahr ein neues System eingeführt. 2. Der Eingang ist um die Ecke. 2. Das wird noch einige Zeit dauern. 3. Einige Leute sind für das Gesetz, aber viele sind auch dagegen.
B1	empfing, hat empfangen über 30 Programme empfangen.	2. Die Gäste wurden sehr herzlich empfangen.
B1	entschuldigt, störe. Aber es gibt ein Problem.	hat entschuldigt ist stark erkältet.
B1	entsorgen, entsorgt, Wie kann ich meine alte	entsorgte, hat entsorgt Kaffeemaschine entsorgen?
B1	entstand, ist entstanden zentrum.	2. Andere Kosten entstehen nicht.
B1	enttäuschen, enttäuscht, 1. Leider hat mich sein Verhalten	2. Andere Kosten entstehen nicht.
B1	enttäuschte, hat ent- enttäuscht.	3. Das Ergebnis war enttäuschend.
B1	entwickeln, entwickelt, 1. Unser Sohn entwickelt sich gut in der	2. Mein Sohn hat das Glas auf die Erde fallen lassen.
B1	erholt sich, erholt.	hat sich erholt schnell wieder erholt.
B1	erinnerte, hat erinnert den Termin	2. Ich erinnere mich noch genau an Francescos Vater.
B1	erkannte, hat erkannt Stimme erkannt.	2. Auf dem Foto kann man kaum etwas erkennen. 3. Ich habe erkannt, dass es ein Fehler
B1	erklären, erklärt, erklärte, 1. Kannst du mir erklären, wie man	2. Ich kann mir nicht erklären, wie der Brief verschwinden konnte. 2. Die Erklärung der Lehrerin ist besser als die Erklärung im Buch.
B1	erlaubte, hat erlaubt lange fernzusehen.	2. Parken ist hier nicht erlaubt.
B1	erstellen, erstellt, Erstellen Sie bitte eine Liste mit allen	2. Ich wohne im ersten Stock. 3. An erster Stelle kommt die Schule.
B1	erstellte, hat erstellt Informationen, die Sie brauchen.	2. Wir haben zwei erwachsene Töchter. 2. Dieser Film ist nur für Erwachsene.
B1	erwarten, erwartet, 1. Ich erwarte einen Anruf aus Berlin.	2. Dieser Film ist nur für Erwachsene.
B1	erwartete, hat erwartet 2. Frau Müller erwartet ein Kind.	3. Wir hatten nichts anderes erwartet. 4. Ich kann es gar nicht erwarten, euch wieder zu sehen.
B1	erziehen, erzieht, erzog, Kinder zu erziehen ist nicht leicht.	2. Wissen Sie nicht, wo Herr Müller ist? 3. Es wurden bei der Diskussion viele Fragen gestellt. 4. Wer ist da? – Ich bin’s. 5. Mir geht es gut. 6. Ich finde es sehr nett von Ihnen, dass Sie mich abholen. 7. Es macht Spaß, zusammen ein Picknick zu machen. 3. Was gibt es heute zu essen? 2. Das Essen ist kalt geworden.
B1	erzählte, hat erzählt Ihnen erzählt.	2. Ich muss meinen Kindern abends immer eine Geschichte erzählen.
B1	fallen, fällt, fiel, 1. Das Glas ist auf den Boden gefallen.	3. Die Temperatur ist ganz plötzlich unter null gefallen. 2. Meine Uhr geht falsch. 3. Was Sie da sagen, ist falsch.
B1	fing an, hat angefangen 2. Hier fängt die Bahnhofstraße an.	2. Am Anfang habe ich bei der Arbeit viele Fragen gestellt. 3. Mein Chef ist Anfang fünfzig. 4. Meine Mutter war von Anfang an
B1	fliegen, fliegt, flog, 1. Der Vogel ist auf einen Baum geflogen.	3. Ich bin nach Berlin geflogen.
B1	fliehen, flieht, floh, Der Einbrecher ist sofort geflohen.	3. Ich bin nach Berlin geflogen.
B1	folgen, folgt, folgte, 1. Es folgen die Nachrichten.	ist gefolgt 2. Folgen Sie der Reiseleiterin. die Folge, -n Die Folgen des Unfalls waren schlimm. 2. Das Geschäft hat folgende Angebote:
B1	fordern, fordert, forderte, Die Arbeitnehmer fordern mehr Geld.	2. Das Geschäft hat folgende Angebote: hat gefordert
B1	fressen, frisst, fraß, Hat der Hund schon etwas zu fressen	2. Ich bin fremd hier.
B1	freute sich, geklappt hat.	3. Ich freue mich schon auf meinen näch- sten Urlaub. 2. Der Mann ist sehr freundlich zu mir. 3. Mit freundlichen Grüßen die Freundschaft, -en Deine Freundschaft ist mir sehr wichtig.
B1	frieren, friert, fror, 1. Wenn Sie frieren, mache ich das	2. Heute Nacht hat es gefroren. 2. Die Handtücher sind frisch gewaschen. 3. Ich muss mal an die frische Luft. 2. Frohes Fest! 2. Sie ist ein fröhlicher Mensch. 2. Mein Vater arbeitet von früh bis spät. 3. Ich bin heute sehr früh aufgestanden.
B1	fördern, fördert, förderte, Die Stadt fördert viele Sportprojekte.	2. Ich möchte für den Geburtstag einen Kuchen backen. Kannst du mir eine Backform leihen?
B1	fürchtete, hat gefürchtet	2. Sind Sie zu Fuß gekommen? 2. Jonas wünscht sich zu Weihnachten einen neuen Fußball.
B1	füttern, füttert, fütterte, Es ist im Zoo nicht erlaubt, die Tiere	hat gefüttert füttern. 2. Schalten Sie bitte jetzt in den dritten Gang. 3. Was möchten Sie als ersten Gang? 2. Den Zahnarzttermin habe ich ganz vergessen. 3. Ich finde Janis ganz nett. 4. Am Montag ist hier Ruhetag. Das weiß ich ganz sicher. 5. Gott sei Dank ist meine Brille noch ganz. 2. Du räumst nie dein Zimmer auf. – Das ist gar nicht wahr.
B1	gebadet	2. Hier ist Baden verboten!
B1	geflossen	2. Zimmer mit fließendem Wasser.
B1	gelten, gilt, galt, 1. Mein Pass gilt noch ein Jahr.	2. Wir benutzen die Garage gemeinsam mit dem Nachbarn. 2. Es ist sehr gemütlich bei dir. 2. Sind Sie sicher, dass heute Ruhetag ist? 3. Die Uhr geht genau. 4. Es ist genau acht Uhr.
B1	gewann, hat gewonnen gewinnen.	2. Unsere Mannschaft hat gewonnen.
B1	gewöhnte, hat gewöhnt.	2. Aus alter Gewohnheit treffen wir uns jeden Samstagabend.
B1	grillierte, hat grilliert (CH)	2. Wie groß sind Sie? 3. Die Jacke ist mir zu groß. 4. Wenn die Kinder groß sind, haben wir wieder mehr Zeit. 5. Ich habe keinen großen Hunger. 2. Größe: 170 cm 3. Haben Sie das Hemd auch in Größe 40?
B1	gründete, hat gegründet gegründet.	2. Sie haben keinen Grund, sich zu beschweren.
B1	hageln, hagelt, hagelte, Bei Gewitter kann es auch hageln.	2. Bei dieser Firma habe ich ein halbes Jahr gearbeitet. 3. Ich gebe Ihnen die Tomaten zum halben Preis. 4. Die Flasche ist ja noch halb voll. 2. Die Hälfte vom Urlaub ist schon vorbei. 3. Was hat der Mann gesagt? Ich habe nur die Hälfte verstanden. 2. Ich habe seit gestern Halsschmerzen.
B1	halten, hält, hielt, 1. Kannst du mal kurz meine Handtasche	hat gehalten halten? 2. Entschuldigung, hält dieser Zug auch Darmstadt? 3. Halten Sie bitte im Keller die Fenster geschlossen. 4. Alle Mieter müssen sich an die Hausordnung halten. 5. Die Stadt will einen neuen Flughafen bauen. Was halten Sie davon?
B1	hat genossen genießen, weil es zu scharf ist.	2. Sie hat eine gute Ausbildung genossen. 2. Ich habe jetzt lange genug gewartet. 3. Ich verdiene nicht genug. hat genügt genügt eine 2-Zimmer-Wohnung. 2. Kannst du später noch mal anrufen?
B1	heiratete, hat geheiratet Monat in Italien.	2. Wir haben 1980 geheiratet. 3. Meine Schwester heiratet einen Japaner. 2. Ich mache dir einen heißen Tee. 3. Die Erklärung verstehe ich nicht. Was heißt das?
B1	herunter, fuhr herunter, herunterfahren.	2. Wir müssen Ihr Herz untersuchen.
B1	heute	1. Heute kann ich etwas früher nach Hause gehen. 2. Ab heute bleibt unser Büro nachmittags geschlossen. 3. Frau Müller kommt heute in acht Tagen zurück. 4. Heute kann man sich eine Welt ohne Internet nicht mehr vorstellen. 2. Von hier hat man eine herrliche Aussicht. 3. Hier sind die Schlüssel für meine Woh- nung. Kannst Du meine Blumen gießen? 4. Hier ist Pamela Linke. Bitte hinterlassen Sie eine Nachricht. 2. Bitte hinten aussteigen! 2. Fahren Sie Ihren Wagen bitte hinter das Haus. 3. Auf den hinteren Plätzen kann man nicht sehr viel sehen.
B1	hinterlassen, hinterlässt, Möchten Sie eine Nachricht	hinterließ, hinterlassen? hat hinterlassen hinterher Vor der Prüfung habe ich so viel gelernt. Hinterher habe ich vieles wieder vergessen.
B1	hupen, hupt, hupte, Hier ist ein Krankenhaus. Hier darfst	hat gehupt du nicht hupen.
B1	husten, hustet, hustete, Der Junge hat die ganze Nacht	der Husten Haben Sie ein Medikament gegen Husten?
B1	installieren, installiert, Können Sie mir helfen, meinen	installierte, hat installiert Computer zu installieren?
B1	interessierte, interessiert mich sehr.	2. Den Artikel über Brasilien finde ich sehr interessant. 2. Der Professor war international bekannt.
B1	kaufte ein, hat eingekauft einkaufen.	2. Ich habe alle Einkäufe erledigt. Jetzt können wir einen Kaffee trinken.
B1	kaufte, hat gekauft ein.	2. Ich habe mir einen Pullover gekauft.
B1	klagen, klagt, klagte, Sie klagt über Kopfschmerzen.	2. Kommst du mit? – Klar! 3. Ich komme zu deinem Geburtstag, das ist doch klar. 4. Leider haben wir bei der Bahn keine klare Auskunft bekommen.
B1	kleben, klebt, klebte, 1. Die Briefmarke klebt nicht mehr.	2. Unser Kind ist noch klein. 3. Wir machen am Sonntag einen kleinen Ausflug.
B1	klicken, klickt, klickte, Wenn du die Datei öffnen willst, musst	hat geklickt du mit der Maus zweimal klicken.
B1	klären, klärt, klärte, Ich hoffe, wir können dieses Problem	hat geklärt bald klären. 2. Im Herbst komme ich in die 7. Klasse. 3. Einmal nach Frankfurt, 1. Klasse, bitte.
B1	können, kann, konnte, 1. Ich kann den schweren Koffer nicht	hat gekonnt (hat können tragen. als Modalverb) 2. Sie können mit dem Bus zum Bahnhof fahren. 3. Kann ich jetzt nach Hause gehen? 4. Können Sie mir helfen? 5. Ich kann sehr gut Englisch und Deutsch. 6. Es kann sein, dass es heute noch regnet.
B1	kündigte, hat gekündigt zufrieden und habe gekündigt.	2. Hast du deine Wohnung schon gekündigt? 3. Ich möchte die Zeitschrift nicht mehr.
B1	lange, lang 1. Wie lange dauert die Fahrt von	2. Wie lange bist du schon in Deutschland? 3. Wartest du schon lange? 4. Wir sind noch lange nicht fertig mit der Arbeit. 5. Wir haben lange gefrühstückt. 6. Beim Arzt muss man oft lange warten. 7. Ich komme gleich. Es dauert nicht lange. 2. Es wird langsam kalt. Es wird Herbst.
B1	lassen	2. Das ist gegen die Vorschrift. 3. Haben Sie ein Mittel gegen Grippe? 4. Wir liefern nur gegen bar. 5. Ich bin gegen 14 Uhr wieder da. 6. Ich bin gegen diesen Vorschlag. 7. Wer spielt gegen wen? 2. Die Mannschaft aus Frankreich war ein sehr starker Gegner. 2. Die Schule muss hier in der Gegend sein. 2. Im Gegensatz zu ihm ist sein Vater ziemlich klein. 2. Eine Durchsage der Polizei: Auf der A8 liegen Gegenstände auf der Fahrbahn. 2. Sie ist das genaue Gegenteil von ihrem Bruder. 3. Du bist sicher müde. – Nein, ganz im Gegenteil!
B1	lassen, lässt, ließ, 1. Ich habe mein Gepäck am Bahnhof	2. Am Samstag lasse ich mir die Haare schneiden. 3. Ich lasse meine Kinder abends nur eine Stunde fernsehen. 4. Kann ich mein Auto hier stehen lassen? 5. Wo habe ich nur meine Brille gelassen? 6. Ich habe meinen Anzug reinigen lassen. 7. Ich kann meine kleine Tochter noch nicht allein lassen. 8. Lass mich in Ruhe. Ich muss arbeiten.
B1	legte fest, hat festgelegt Ich möchte mich noch nicht festlegen.	2. Habt ihr den Hochzeitstermin schon festgelegt?
B1	leiden, leidet, litt, 1. Er leidet an einer schweren Krankheit.	2. Hast du schon eine Antwort auf deinen Brief? – Leider nicht. 3. Leider kann ich nicht kommen. Ich muss zum Arzt.
B1	leihen, leiht, lieh, 1. Ich habe mir von meinem Bruder 50	2. Ich kann dir mein Fahrrad leihen. 3. Sie können das Buch in der Bibliothek ausleihen. 2. Könntest du das Radio bitte etwas leiser stellen?
B1	leisten, leistet, leistete, 1. So ein teures Auto kann ich mir leider	hat geleistet nicht leisten. 2. Bei einem Unfall muss jeder Erste Hilfe leisten.
B1	mir leid, das weiß ich nicht.	3. Es tut mir leid, dass ich Ihnen nicht helfen kann.
B1	probieren	2. Die Suppe musst du kräftig würzen. 2. Ich muss mich um meine kranke Großmutter kümmern.
B1	sah fern, hat ferngesehen Stunde fernsehen.	2. Wenn ich mit der Arbeit fertig bin, gehe ich nach Hause. 3. Bist du fertig? 4. Das war ein schlimmer Tag. Ich bin total fertig. 2. Als wir nach Hause kamen, haben die Kinder schon fest geschlafen. 3. Für die nächste Familienfeier gibt es noch keinen festen Termin. 2. Frohes Fest!
B1	sich an, strengte sich an, 2. Wenn du die Prüfung schaffen willst,	hat sich angestrengt musst du dich mehr anstrengen.
B1	sich eignen, eignet sich, Dieses Hotel eignet sich besonders für	3. Was willst du eigentlich von mir? eignete sich, Familien mit Kindern. hat sich geeignet
B1	sich einigen, einigt sich, Jeder hat einen anderen Vorschlag.	einigte sich, Wir können uns leider nicht einigen. hat sich geeinigt
B1	sich, befand sich, Mitte des Zuges.	hat sich befunden befreit Studenten und Studentinnen sind von den Rundfunk-Gebühren befreit.
B1	sich, kümmerte sich, um die Kinder kümmern.	hat sich gekümmert 2. Ich habe keine Zeit. Ich muss mich um das Essen kümmern. 2. Einen Augenblick, bitte. Ich habe einen Kunden.
B1	stand auf, auf.	2. Im Moment hat die Firma besonders viele Aufträge.
B1	stellte dar, hat dargestellt darstellen.	2. Bitte Datum und Unterschrift nicht vergessen. 3. Ich brauche noch ein paar Daten von Ihnen.
B1	stellte fest, des Briefes falsch war.	2. Das ist aber eine fette Katze!
B1	tegrierte, hat integriert integriert.	2. Die Leute aus dem Ausland sollen besser integriert werden.
B1	war, den Kurs nicht fertigzumachen.	3. Ich habe erkannt, dass es ein Fehler
B1	zahlte ein, hat eingezahlt Bankkonto eingezahlt.	2. Die Schüler mussten einzeln zum Schu- larzt kommen. 2. Das war das einzige Mal, dass ich ihn gesehen habe.
B1	zog ein, ist eingezogen nächste Woche einziehen.	2. Bitte eine Cola ohne Eis.
B1	ärgerte, hat geärgert 2. Mein Bruder hat mich schon als Kind	2. Ich hätte gerne 200 g fettarmen Käse. 2. Seine Art gefällt mir nicht. 3. Man kann auf unterschiedliche Art und Weise ein Fest feiern. 2. Im Deutschen gibt es drei Artikel: der,
