A2	ab	Ab morgen muss ich wieder arbeiten.
A2	aber	Heute kann ich nicht kommen, aber morgen habe ich Zeit. | Wir haben nur eine kleine Wohnung, sind aber damit zufrieden. | Es war sehr schön. Jetzt muss ich aber gehen. | Das ist aber nett von dir.
A2	abgeben, hat abgegeben	Ich muss meinen Schlüssel an der Rezeption gibt ab, abgeben.
A2	abholen, holt ab,	Wann kann ich die Sachen bei dir abholen?
A2	hat abgeholt	Wir müssen noch meinen Bruder abholen.
A2	abschließen, schließt ab, Ich schließe dieses Jahr mein Studium/	Hast du die Tür abgeschlossen?
A2	hat abgeschlossen meine	Ausbildung ab. | Achtung (Sg.) Achtung an Gleis drei: Die Türen schließen. Der Zug fährt jetzt ab. | Achtung! Pass auf! Der Verkehr ist hier gefährlich.
A2	die die Ahnung, -en Ich hatte keine Ahnung, dass du heute Geburtstag	Adresse, -n Können Sie mir Ihre Adresse geben? | hast. | Wie spät ist es? - Ich habe keine Ahnung.
A2	aktiv	Peter ist sehr aktiv und macht viel Sport.
A2	aktuell	Das ist das aktuelle Kinoprogramm.
A2	all-	Ich wünsche dir alles Gute! | Hast du alles? | Möchten Sie noch etwas? - Nein, danke. Das ist alles. | Sind alle da? - Nein, Rita fehlt noch. | Alle Freunde kommen.
A2	allein	Kommt seine Freundin mit? - Nein, er kommt allein. | Soll ich Ihnen/dir helfen? - Nein danke, ich schaffe das schon allein.
A2	als	Hector ist jünger als seine Schwester. | Sie arbeitet als Krankenschwester.
A2	also	Also, die Sache ist so: … Er hat Zeit, also kann er uns helfen.
A2	alt	Wie alt sind Sie? | Mein Computer ist schon sehr alt. | Wir wohnen in einem ganz alten Haus. | Köln ist eine alte Stadt.
A2	das	Alter (Sg.) Alter: 18 Jahre.
A2	die	Ampel, -n Du kannst fahren, die Ampel ist grün. | Nach der Ampel musst du nach links fahren.
A2	an	Fahren Sie an der nächsten Kreuzung nach rechts.
A2	6	Wir treffen uns am Bahnhof/am Kino/am Stand.
A2	0	Am nächsten Montag geht es leider nicht. | Das Licht war die ganze Nacht an.
A2	anbieten, bietet an,	Darf ich Ihnen/dir ein Stück Kuchen anbieten?
A2	hat angeboten	Er hat mir eine Stelle als Verkäuferin angeboten.
A2	das	Angebot, -e Heute sind Bananen im Angebot. | Stellenangebote finden Sie in der Zeitung oder im Internet.
A2	ander-	Willst du diesen Mantel? – Nein, ich möchte den anderen. | Die anderen sind schon nach Hause gegangen. | Bitte nicht alle auf einmal! Einer nach dem anderen.
A2	ändern, ändert,	Das Wetter hat sich geändert.
A2	hat geändert	Wie kann ich mein Passwort ändern?
A2	anders	Anders geht das leider nicht. | Oliver ist anders als seine Freunde.
A2	anfangen,	Hier fängt die Bahnhofstraße an.
A2	fängt an,	Der Unterricht fängt gleich an.
A2	hat angefangen	Würden Sie bitte anfangen? | Ich fange im Herbst meine Ausbildung an.
A2	der	Anfang, ¨-e Sie wohnt am Anfang der Straße. | Wir machen Anfang Juli Urlaub.
A2	die	Angst, ¨-e Hab keine Angst! | Ich habe Angst vor großen Hunden.
A2	ankommen,	Wann kommt dieser Zug in Hamburg an?
A2	kommt an, ist angekommen die Ankunft, -¨e	Aufdiesem FahrplanstehtnurdieAnkunftder Züge.
A2	anmachen, macht an, hat angemacht	Mach bitte das Licht an!
A2	anmelden (sich), meldet an, Eine Anmeldung für diesen Kurs ist nicht mehr	Wo kann ich mich anmelden? | hat angemeldet möglich.
A2	die Anmeldung,-en	Wo bekomme ich das Formular für die Anmeldung?
A2	der Anruf-	Wir sind im Moment nicht da. Sprechen Sie bitte auf beantworter, - den Anrufbeantworter.
A2	anrufen, ruft an,	Kann ich Sie heute Abend anrufen?
A2	hat angerufen	Juan ruft seine Freundin an.
A2	der der Anschluss, ¨-e In Mannheim haben Sie Anschluss nach	Anruf, -e Eva bekommt viele Anrufe von ihrem Freund Juan. | Saarbrücken. | In Stuttgart erreichen Sie alle Anschlüsse. Auch der Zug nach Paris wartet. | Gibt es in der Wohnung einen Waschmaschinen- anschluss?
A2	ansehen, sieht an,	Darf ich eure Urlaubsfotos ansehen?
A2	hat angesehen	Ich sehe (mir) diese Sendung jeden Tag an.
A2	antworten, antwortet, hat geantwortet	Er antwortet nicht.
A2	die	Antwort, -en Er gibt leider keine Antwort.
A2	die	Anzeige, -n Ich habe Ihre Anzeige in der Zeitung gelesen.
A2	der	Anzug, ¨-e Mein Mann muss sich einen neuen Anzug kaufen.
A2	der	Apfel, ¨- Ein Kilo Äpfel, bitte.
A2	die	Apotheke, -n Das Medikament bekommen Sie in der Apotheke.
A2	der	Apparat, -e Was machen wir mit deinem alten Apparat? | Ich habe einen neuen Fotoapparat.
A2	arbeiten, arbeitet, hat gearbeitet Ich arbeite als Krankenschwester in einem	Wo arbeiten Sie? | Krankenhaus.
A2	die	Arbeit, -en Mein Bruder sucht Arbeit.
A2	arbeitslos	Seit wann ist er schon arbeitslos? | Es gibt bei uns viele Leute, die schon lange arbeitslos sind.
A2	ärgern (sich), hat geärgert	Warum ärgerst du dich? - Ich ärgere mich, weil das Wetter schlecht ist.
A2	arm	Sie haben nicht viel Geld, sie sind arm.
A2	der	Arm, -e Mein Arm tut weh.
A2	der	Artikel, - Im Deutschen gibt es drei Artikel: der, die und das. | Ich habe in der Zeitung einen interessanten Artikel gelesen.
A2	auch	Ich bin auch Spanier. | Maria muss auch am Wochenende arbeiten.
A2	auf auf jeden/ Ich möchte auf jeden Fall den neuen James-Bond-	Das Wörterbuch liegt auf dem Tisch. | Die Kinder spielen auf der Straße. | Am Samstag gehen wir auf eine Party. | Meine Eltern wohnen auf dem Land. | Auf dem Foto ist auch meine Schwester. | Die Tür ist auf, kommen Sie rein! | Hat das Geschäft noch auf? | Auf Wiedersehen. | Wie heißt das auf Deutsch?
A2	keinen	Fall Film sehen. - Wirklich? Ich finde James-Bond-Filme langweilig. Ich sehe ihn auf keinen Fall an!
A2	aufhören,	Wann hört ihr mit der Arbeit auf?
A2	hört auf,	Kannst du bitte damit aufhören? Ich muss jetzt hat aufgehört arbeiten.
A2	aufmachen, macht auf, hat aufgemacht	Kannst du bitte die Tür aufmachen?
A2	aufpassen, passt auf, Der Babysitter passt heute Abend auf die Kinder	Pass der Teller fällt gleich auf den Boden! | auf.
A2	hat aufgepasst	Er passt im Unterricht nicht auf.
A2	aufräumen, räumt auf, hat aufgeräumt	Die Kinder müssen ihr Zimmer aufräumen.
A2	aufregend	Die letzte Woche war sehr aufregend. | Der Film ist nicht besonders aufregend.
A2	aufstehen, steht auf, ist aufgestanden	Ich stehe jeden Morgen um sieben Uhr auf.
A2	der	Aufzug, ¨-e In diesem Haus gibt es keinen Aufzug.
A2	2	Der Aufzug ist leider kaputt.
A2	das	Auge, -n Er hat blaue Augen. | Mein rechtes Auge tut seit Sonntag weh.
A2	aus	Michele kommt aus Brasilien. | Frau Müller geht immer um acht Uhr aus dem Haus. | Der Tisch ist aus Glas. | Ich sehe nichts. Das Licht ist aus.
A2	die Ausbildung,-en der Ausflug, ¨-e Morgen machen wir einen Ausflug nach Heidelberg/	Ich möchte eine Ausbildung zum Krankenpfleger machen.
A2	an die	Ostsee.
A2	ausfüllen, füllt aus, hat ausgefüllt	Füllen Sie/Füll bitte dieses Formular aus!
A2	der	Ausgang, ¨-e Entschuldigung, wo ist der Ausgang?
A2	ausgeben,	Agata gibt viel Geld für Bücher aus.
A2	gibt aus, hat ausgegeben	Ich möchte nicht so viel Geld ausgeben.
A2	ausgehen,	Gehen wir am Freitag zusammen aus?
A2	geht aus, ist ausgegangen	Plötzlich ist das Licht ausgegangen.
A2	die	Auskunft, ¨-e Wo ist die Auskunft? | Können Sie mir bitte eine Auskunft geben?
A2	das	Ausland (Sg.) Fahren Sie ins Ausland?
A2	ausmachen, macht aus, hat ausgemacht	Mach bitte das Licht aus!
A2	auspacken, packt aus, hat ausgepackt	Packst du bitte den Koffer aus?
A2	ausruhen (sich),	Ruh dich erst mal aus! Du bist sicher müde.
A2	ruht aus, hat ausgeruht	Er ruht sich nach der Arbeit immer aus.
A2	aussehen,	Wie sieht er aus? - Groß und blond.
A2	sieht aus,	Sie sieht wie ihre Mutter aus.
A2	hat ausgesehen	Das Kleid sieht hübsch aus.
A2	außer	Außer Lisa möchte niemand den Film sehen. | Wir haben täglich außer Samstag geöffnet.
A2	außerdem	Vier Brötchen, möchten Sie außerdem noch etwas?
A2	außerhalb	Die Wohnung ist nicht in der Stadt, sie liegt etwas außerhalb.
A2	aussprechen, spricht aus, hat ausgesprochen	Wie spricht man das Wort aus?
A2	aussteigen, ist ausgestiegen	Wo müssen wir aussteigen? –An der nächsten steigt Haltestelle.
A2	die Ausstellung,-en	Gehen wir morgen zusammen in die Ausstellung?
A2	austragen, trägt aus, hat ausgetragen	Er trägt jeden Morgen die Zeitung aus.
A2	der	Ausweis, -e Darf ich bitte mal Ihren Ausweis sehen? –Hier ist mein Ausweis.
A2	das die Autobahn, -en Darf ich mit dem Motorroller auf der Autobahn	Auto, -s Er fährt mit dem Auto. | fahren? | Das Dorf liegt direkt an der Autobahn.
A2	der	Automat, -en Fahrkarten gibt es nur am Automaten. | In Berlin ist der Fahrkartenautomat auf dem Bahnsteig.
A2	automatisch	Achtung, die Türen schließen automatisch!
A2	das	Baby, -s Wir haben ein Baby. Es ist sechs Wochen alt.
A2	der Babysitter,-	Meine Tochter arbeitet als Babysitter bei einer Familie mit vier Kindern.
A2	backen, bäckt/backt, hat gebacken	Wenn du kommst, backe ich einen Kuchen.
A2	die	Bäckerei, -en Ich geh mal schnell zur Bäckerei.
A2	das	Bad, ¨-er Das Haus ist sehr alt. Es hat kein Bad. | Im Winter nehme ich gern ein warmes Bad.
A2	baden, badet,	Ich bade nicht so gern, ich dusche lieber.
A2	hat gebadet	In diesem See darf man nicht baden.
A2	die	Bahn, -en Wir fahren lieber mit der Bahn als mit dem Bus. | Ich nehme die nächste S-Bahn.
A2	der	Bahnhof, ¨-e Entschuldigung, komme ich hier zum Bahnhof?
A2	der	Bahnsteig, -e Auf Hauptbahnhöfen gibt es meist viele Bahnsteige.
A2	bald	Ich komme bald. | Auf Wiedersehen! Bis bald!
A2	der	Balkon, -e Die Wohnung hat auch einen kleinen Balkon.
A2	der	Ball, ¨-e Meine Kinder spielen gern Ball.
A2	die	Banane, -n Drei Bananen, bitte!
A2	die	Band, -s Was ist deine Lieblingsband? Anton spielt in einer Band.
A2	die	Bank, -en Bei welcher Bank haben Sie Ihr Konto?
A2	die	Bank, ¨-e Kommt, wir setzen uns auf diese Bank.
A2	bar	Muss ich bar zahlen oder geht‘s auch mit Karte?
A2	der	Basketball, ¨-e Yannick spielt lieber Basketball als Fußball.
A2	basteln, bastelt, hat gebastelt	Die Kinder haben etwas gebastelt.
A2	der	Bauch, ¨-e Seit gestern tut mir der Bauch weh.
A2	bauen, baut, hat gebaut	Unsere Nachbarn bauen ein neues Haus.
A2	der	Baum, ¨-e Der Baum ist über hundert Jahre alt. | Wir haben zwei Apfelbäume im Garten.
A2	die	Baustelle, -n Vor unserem Haus ist eine große Baustelle.
A2	beantworten,	Können Sie meine Frage bitte beantworten?
A2	beantwortet, hat beantwortet bedanken (sich), Ich möchte mich noch einmal sehr herzlich für Ihre	Hast du die Mail schon beantwortet?
A2	bedankt, hat bedankt	Hilfe bedanken.
A2	bedeuten, bedeutet, hat bedeutet	Was bedeutet das Wort?
A2	beeilen (sich), hat beeilt	Kannst du dich bitte beeilen? Der Bus fährt beeilt, gleich ab!
A2	beenden, beendet, hat beendet	Du musst deine Ausbildung auf jeden Fall beenden.
A2	beginnen, beginnt, hat begonnen	Das Spiel beginnt um 15.30 Uhr.
A2	begründen, begründet, hat begründet	Bitte begründen Sie Ihre Meinung.
A2	bei	Offenbach liegt bei Frankfurt. | Ich wohne bei meinen Eltern. | Bei uns ist das anders als hier. | Er arbeitet bei Siemens. | Ich möchte euch nicht beim Essen stören.
A2	beide	Wir kommen beide. | Welche Bluse möchten Sie, die rote oder die grüne?
A2	-	Ich nehme beide.
A2	das	Bein, -e Mein rechtes Bein tut weh.
A2	bekannt	Picasso ist sehr bekannt. Er ist ein bekannter Maler.
A2	der/die	Ein Bekannter von mir heißt Klaus. | Bekannte, -n Haben Sie meinen Brief bekommen?
A2	bekommt, hat bekommen	Aspirin bekommen Sie in der Apotheke.
A2	beliebt	Fußball ist bei vielen Menschen beliebt.
A2	benutzen, benutzt, hat benutzt	Die Aufzüge bitte nicht benutzen!
A2	bequem beraten, berät, Unsere Sekretärin berät Sie gern, wenn Sie	Das Sofa ist sehr bequem. | Meine Kinder ziehen am liebsten bequeme Schuhe an.
A2	hat beraten	Fragen haben.
A2	der	Berg, -e Die Zugspitze ist der höchste Berg in Deutschland. | Wir fahren am Wochenende in die Berge.
A2	berichten, berichtet, hat berichtet	Alle Zeitungen berichten von dem Unfall.
A2	der	Beruf, -e Was bist du von Beruf?
A2	berühmt	Thomas Müller ist ein berühmter Fußballspieler.
A2	der Bescheid	Kann Lisa in Heidelberg studieren? - Sie weiß es (bekommen/ noch nicht. Sie bekommt erst nächste Woche geben/sagen) Bescheid. | Kannst du mir bis morgen Bescheid geben? | Ich frage Herrn Maier und sage Ihnen dann Bescheid.
A2	beschreiben, beschreibt, hat beschrieben	Kannst du mir den Weg zum Bahnhof beschreiben?
A2	beschweren (sich),	Hier ist es zu laut. Wo können wir uns beschweren?
A2	beschwert,	Mein Nachbar beschwert sich immer über unsere hat beschwert Kinder, wenn sie im Garten spielen.
A2	besetzt	Ist dieser Platz frei? - Nein, er ist besetzt. | Die Nummer ist immer besetzt.
A2	besichtigen,	Ich möchte gern das Schloss besichtigen.
A2	besichtigt,	Sie können die Wohnung am Mittwochabend hat besichtigt besichtigen.
A2	besonders	Dieses Angebot ist besonders günstig. | Hier ist die Pizza besonders gut. | Wie geht's? - Nicht besonders.
A2	bestätigen, bestätigt, hat bestätigt	Ich kann dass er hier war.
A2	bestehen,	Ich habe die Prüfung bestanden!
A2	besteht,	Die Prüfung besteht aus vier Teilen: Hören, Lesen, hat bestanden Schreiben und Sprechen.
A2	bestellen,	Wir möchten bitte bestellen.
A2	bestellt,	Dieses Buch haben wir nicht da. Sollen wir es für hat bestellt Sie bestellen?
A2	der	Besuch, -e Wir bekommen am Wochenende Besuch. | Ich mache einen Besuch im Krankenhaus.
A2	besuchen,	Darf ich dich mal besuchen?
A2	besucht, hat besucht	Möchtest du mich in den Ferien besuchen?
A2	das	Bett, -en Sie ist krank und muss heute im Bett bleiben.
A2	bewerben (sich),	Ich möchte mich um diese Stelle bewerben.
A2	bewirbt, hat beworben die Bewerbung, -en	Kannst du mir bei meiner Bewerbung helfen?
A2	bewölkt	Heute ist es bewölkt.
A2	die	Wolke, -n Es gibt viele Wolken am Himmel.
A2	bezahlen, bezahlt, hat bezahlt	Wo kann ich bezahlen?
A2	die	Bibliothek, -en Sie lernt jeden Tag in der Bibliothek.
A2	das	Bier, -e Noch ein Bier, bitte.
A2	das	Bild, -er Hast du ein Bild von deinem Sohn?
A2	billig	Das Wörterbuch kostet nur fünf Euro. - Fünf Euro? | Das ist aber billig!
A2	die	Birne, -n Ein Kilo Birnen, bitte!
A2	bis	Ich fahre nur bis Stuttgart. | Ich warte bis Freitag. | Tschüss, bis gleich!
A2	bisschen	Können Sie bitte ein bisschen lauter sprechen? | Ich spreche ein bisschen Französisch. | Möchten Sie noch ein bisschen Salat?
A2	bitte	Eine Tasse Kaffee bitte! - Bitte schön! | Wie bitte? Sprechen Sie bitte ein bisschen lauter!
A2	die	Bitte, -n Ich habe noch eine Bitte.
A2	bitten, bittet, hat gebeten	Darf ich Sie um etwas bitten?
A2	bitter	Kaffee ohne Zucker schmeckt bitter.
A2	das	Blatt, ¨-er Haben Sie ein Blatt Papier für mich? | Die Bäume haben schon gelbe Blätter.
A2	bleiben,	Wir bleiben drei Tage in Berlin.
A2	bleibt,	Bitte bleiben Sie stehen!
A2	ist geblieben	Oh nein, meine Uhr ist stehen geblieben. Wie spät ist es? | Ich bleibe heute zu Hause.
A2	der	Bleistift, -e Hast du einen Bleistift?
A2	blöd	Ich finde es blöd, dass du morgen gehen musst.
A2	der/das	Blog, -s Ich schreibe einen Blog über Mode.
A2	blond	Lisa hat blonde Haare.
A2	die	Blume, -n Gefallen dir die Blumen?
A2	die	Bluse, -n Ich suche eine weiße Bluse.
A2	die	Bohne, -n Hans isst nicht gern Bohnen.
A2	böse	Sie ist richtig böse auf mich. | Ich habe dein Buch vergessen. Hoffentlich bist du mir nicht böse.
A2	braten,	Braten Sie das Fleisch in etwas Öl!
A2	brät, hat gebraten	Der Fisch brät in der Pfanne.
A2	brauchen,	Ich brauche ein neues Auto.
A2	braucht,	Brauchst du die Zeitung noch oder kann ich sie hat gebraucht haben? | Meine Großmutter ist krank. Sie braucht viel Ruhe.
A2	der	Brief, -e Haben Sie einen Brief für mich?
A2	die	Briefmarke, -n Bitte die Briefmarke nicht vergessen!
A2	die	Brille, -n Wo ist meine Brille? | Mit dieser Brille kann ich nicht mehr gut sehen.
A2	bringen,	Bringen Sie mir bitte noch einen Kaffee!
A2	bringt, hat gebracht	Wir müssen Max ins Krankenhaus bringen.
A2	das	Brot, -e Nimm doch noch ein Brot für das Abendessen. | Haben Sie auch Weißbrot?
A2	das die Brücke, -n Fahren Sie über die nächste Brücke und dann	Brötchen, - Möchtest du Brot oder Brötchen zum Frühstück? | nach links.
A2	das	Buch, ¨-er Was kostet das Buch, bitte? | In diesem Wörterbuch finden Sie mehr als 20.000 Wörter.
A2	buchen, bucht, hat gebucht	Morgen buche ich unsere Urlaubsreise.
A2	der	Buchstabe, -n Diesen Buchstaben gibt es in meiner Sprache nicht.
A2	buchstabieren, buchstabiert, hat buchstabiert	Würden Sie bitte Ihren Namen buchstabieren?
A2	bunt	Anna trägt gern bunte Kleider. | Meine Wohnung ist sehr bunt: Das Wohnzimmer ist rot, die Küche grün und das Bad blau.
A2	das	Büro, -s Ich arbeite in einem Büro. | Unser Büro ist bis Dienstag geschlossen.
A2	der	Bus, -se Wann kommt der nächste Bus?
A2	die	Butter (Sg.) Möchtest du Butter aufs Brot oder nur Käse?
A2	das	Café, -s Kommst du mit ins Café? Ich möchte gern einen Kaffee trinken.
A2	die	Cafeteria, -s Ich gehe jetzt in die Cafeteria. Soll ich dir etwas mitbringen?
A2	chatten, chattet, hat gechattet der Chef, -s /	Luis chattet gern mit seinen Freunden im Internet.
A2	die Chefin,-nen	Wir haben eine neue Chefin.
A2	der	Club, -s / Gibt es hier einen Tennis-Club/Klub? | Klub, -s Ich möchte gern tanzen gehen. Wo gibt es hier einen Club/Klub mit guter Musik?
A2	der/das	Comic, -s Mein Sohn liest immer nur Comics.
A2	der	Computer, - Wann bekommst du deinen neuen Computer?
A2	die	Creme, -s/-n Ich suche eine Creme für die Hände. | Der Kuchen schmeckt super! Was ist in der Creme?
A2	–Das ist eine	Buttercreme mit viel Schokolade.
A2	da	Welche Bluse nehmen Sie? - Die da. | Ist Herr Klein schon da? | Wir sprechen gerade über Paul. Da kommt er ja. | Da drüben ist der Bahnhof.
A2	da(r) (Bsp. darauf,	Darauf fällt mir keine Antwort ein.
A2	darüber)	Darüber spreche ich nicht gern.
A2	dabei (sein),	Hast du einen Stift dabei?
A2	ist dabei, ist dabei gewesen	Schön, dass du da bist. Ist deine Familie auch war dabei?
A2	dafür/dagegen sein, ist dafür/dagegen, war dafür/dagegen, ist dafür/ dagegen gewesen	Ich bin dafür/dagegen.
A2	damals die Dame, -n Damen (an der Toilette)	Als Student hatte ich viel Zeit und wollte reisen. | Aber damals hatte ich kein Geld. | Sehr geehrte Damen und Herren, daneben Du weißt doch, wo die Post ist. Daneben ist die Bank.
A2	der	Dank (Sg.) Vielen Dank! | Herzlichen Dank!
A2	danke	Soll ich Ihnen helfen? - Sehr freundlich, ja danke! | Guten Appetit! - Danke gleichfalls.
A2	danken, dankt, hat gedankt	Ich danke Ihnen für die Einladung.
A2	dann	Ich muss noch schnell zur Post, dann komme ich. | Wenn es nicht regnet, dann kommen wir.
A2	dass	Rico hat gesagt, dass er auch zur Party kommt. | Ich finde es super, dass du mich besuchst.
A2	die	Datei, -en Wo hast du die Datei gespeichert? | Kannst du die Datei bitte öffnen?
A2	das	Datum, -en Bitte Datum und Unterschrift nicht vergessen! | Welches Datum haben wir heute? | Haben Sie meine Kontaktdaten?
A2	dauern, dauert, hat gedauert	Wie lange dauert die Pause? - Eine halbe Stunde.
A2	denken, denkt,	Ich denke, du hast recht.
A2	hat gedacht	Ich denke oft an meine Freundin. | Was denktst du? Sollen wir heute Abend ins Kino gehen?
A2	denn	Ich kann nicht kommen, denn ich bin krank.
A2	deshalb	Ich bin krank. Deshalb komme ich heute nicht ins Büro.
A2	deutlich	Sprechen Sie bitte deutlich! | Können Sie das bitte deutlicher schreiben? Ich kann das nicht lesen.
A2	dick	Ich bin zu dick. Ich muss weniger essen.
A2	das	Ding, -e Gib mir bitte mal das Ding da drüben! | Was macht man mit diesem Ding? - Damit kann man Flaschen öffnen.
A2	direkt	Wir wohnen direkt über dem Café. | Gibt es keinen direkten Zug nach Hamburg? - Nein, Sie müssen immer umsteigen. | Ich möchte nicht direkt nach der Schule studieren. | Ich möchte erst reisen. | Wir liefern Ihnen das Sofa direkt ins Haus.
A2	die die Disko, -s	Disco, -s / Wir gehen heute Abend in die Disco/Disko.
A2	diskutieren, diskutiert, hat diskutiert	Ich möchte das mit meinen Kollegen diskutieren.
A2	doch das Doppelzimmer, Möchten Sie ein Doppelzimmer oder ein	Hast du keinen Hunger? - Doch, ich bin sehr hungrig. | Kannst du morgen nicht kommen? - Doch. | Geh doch mal wieder ins Kino! | Das macht doch nichts! | Einzelzimmer?
A2	das	Dorf, ¨-er Unser Dorf liegt direkt an der Autobahn. | Meine Familie lebt in einem Dorf.
A2	dort,	-her, -hin Wir treffen uns vor dem Kino. - Gut, ich bin in fünf Minuten dort. | Dort ist unser Haus. | Deine Tasche kannst du dorthin stellen. | Kommst du mit in die Stadt? - Nein, ich komme gerade dorther/von dort.
A2	draußen	Das Wetter ist so schön. Wollen wir draußen sitzen? | Hunde müssen draußen bleiben.
A2	dringend	Bitte kommen Sie schnell. Es ist dringend.
A2	drinnen	Wollen Sie drinnen oder draußen sitzen? | Hier drinnen ist es sehr warm.
A2	drüben drücken, drückt, An dieser Tür musst du drücken, nicht ziehen,	Da drüben ist die Haltestelle. | hat gedrückt dann geht sie auf. | Drücken Sie „Bestätigen“! | Meine Schuhe drücken.
A2	drucken, druckt, hat gedruckt	Wähle einfach „Datei drucken“!
A2	der	Drucker, - Mein Drucker ist kaputt.
A2	dumm	Ich finde den Film dumm. | Entschuldigung, das war dumm von mir. | Das ist mir zu dumm.
A2	dunkel	Um sechs Uhr ist es schon dunkel. | Meine Schwester hat dunkle Haare. | Ich will eine dunkelblaue Bluse kaufen. | Mein Bruder ist 1,80 Meter groß und 62 Kilo schwer, er ist zu dünn.
A2	durch	Am besten gehen Sie durch die Tengstraße. | Wir fahren mit dem Fahrrad durch den Wald.
A2	dürfen, darf,	Sie dürfen hier nicht parken.
A2	durfte,	Dürfen wir heute länger fernsehen?
A2	hat gedurft	Darf ich Sie zu einem Kaffee einladen?
A2	der	Durst (Sing.) Hast du etwas zu trinken? Ich habe großen Durst.
A2	die	Dusche, -n Unsere Wohnung hat nur eine Dusche.
A2	duschen (sich),	Ich bade nicht so gern, ich dusche lieber.
A2	duscht,	Möchten Sie sich duschen? Das Badezimmer ist dort hat geduscht hinten links.
A2	das	E-Book, -s Liest du lieber E-Books oder Bücher aus Papier? | Entschuldigung, kann man hier E-Books kaufen?
A2	echt	Ist das Bild ein echter Picasso? | Der Film ist echt gut.
A2	die	Ecke, -n Gehen Sie an der nächsten Ecke links. Dann kommen Sie zur Apotheke. | Wir stellen das Regal in die Ecke.
A2	egal die Ehefrau, -en/	Das ist mir egal. | Willst du Tee oder Kaffee trinken? –Egal.
A2	der Ehemann,¨-er/ der Ehepartner, -	Das ist mein Ehemann/meine Ehefrau.
A2	das	Ei, -er Möchtest du ein Ei zum Frühstück?
A2	eigen-	Nicht alle Kinder haben ein eigenes Zimmer.
A2	eigentlich	Wir wollten eigentlich Freunde besuchen, aber dann sind wir doch zu Hause geblieben. | Kennst du eigentlich Susanne?
A2	eilig	Hast du es eilig?
A2	einfach	Die Prüfung ist ganz einfach. | Ich verstehe das nicht. Kannst du es bitte einfacher sagen? | Hin und zurück? – Nein, bitte nur eine einfache Fahrt nach Berlin.
A2	der	Eingang, ¨-e Der Eingang ist um die Ecke.
A2	einig-	In diesem Text sind einige Fehler. | Das dauert noch einige Zeit, bis das Essen fertig ist.
A2	einkaufen, kauft ein,	Ich muss noch für morgen einkaufen. | W hat eingekauft
A2	das Einkaufszentrum, -en	Kommst du morgen mit ins Einkaufszentrum?
A2	einladen, lädt ein, hat eingeladen	Darf ich Sie zu einem Kaffee einladen?
A2	die	Einladung, -en Danke für die Einladung zu deinem Geburtstag!
A2	einmal	Rufen Sie/Ruf mich bitte morgen noch einmal an. | Diese Prüfung mache ich nicht noch einmal. | Warst du schon einmal in Paris?
A2	einpacken,	Pack bitte die Handtücher ein!
A2	packt ein, hat eingepackt	Soll ich Ihnen das als Geschenk einpacken?
A2	einsteigen,	Schnell, steig ein, der Zug fährt gleich ab.
A2	steigt ein, ist eingestiegen	Bitte ab 20 Uhr vorn im Bus einsteigen.
A2	eintragen (sich), trägt ein, Sie müssen Ihren Namen und Ihre Adresse	Tragen Sie sich bitte in diese Liste ein! | hat eingetragen eintragen.
A2	der	Eintritt, -e Der Eintritt kostet fünf Euro. | Der Eintritt ist frei. Sie müssen nichts bezahlen.
A2	einverstanden ist einverstanden, Bist du einverstanden, wenn wir bald nach Hause ist einverstanden gewesen	Als Termin schlage ich den 11. Juni vor. - Gut, (ich sein, bin) einverstanden. | war gehen?
A2	einzel-	Nicht alle zusammen. Könnt ihr bitte einzeln sprechen? | Florian ist ein Einzelkind. Er hat keine Geschwister. | Ein Einzelzimmer ist noch frei.
A2	einziehen,	Im Juni ziehen unsere neuen Nachbarn ein.
A2	zieht ein, ist eingezogen	Wann können wir in die Wohnung einziehen?
A2	das	Eis (Sg.) Möchtest du auch ein Eis?
A2	die (E-)Mail, der Empfänger, – Auf dem Brief steht dein Name, also bist du der	-s Ich schreibe Ihnen/dir eine E-Mail. | Empfänger.
A2	empfehlen, empfiehlt, hat empfohlen	Welchen Wein können Sie mir empfehlen?
A2	das	Ende, -n Sie wohnt am Ende der Straße. | Er bekommt sein Geld am Monatsende.
A2	enden, endet,	Die Straße endet hier.
A2	hat geendet	Der Kurs endet in einer Woche.
A2	endlich	Wann kommst du endlich? Der Film fängt gleich an. | Endlich bist du da!
A2	eng	Diese Hose ist zu eng. Gibt es sie auch eine Nummer größer?
A2	entschuldigen	Entschuldigen Sie bitte!
A2	(sich), entschuldigt, hat entschuldigt	Ich möchte mich bei dir entschuldigen.
A2	die Entschuldigung, -en	Oh, Entschuldigung! – Macht nichts. Kein Problem.
A2	das Erdgeschoss,-e	Ich wohne im Erdgeschoss.
A2	die	Erfahrung, -en Ich habe zehn Jahre Erfahrung in diesem Beruf.
A2	erinnern (sich), hat erinnert Kannst du mich morgen bitte an meinen Arzttermin	Erinnerst du dich an José? - Nein, ich erinnere mich erinnert, nicht an ihn, tut mir leid. | erinnern?
A2	erkältet sein, war erkältet, ist erkältet gewesen	Lisa ist erkältet. Sie kann heute nicht zur Schule ist gehen.
A2	erklären, erklärt, hat erklärt	Ich verstehe das nicht. Kannst du mir das erklären?
A2	erlauben, erlaubt,	Meine Kinder dürfen diesen Film sehen. Ich habe es hat erlaubt ihnen erlaubt.
A2	erlaubt sein, ist erlaubt, war erlaubt, ist erlaubt gewesen	Parken ist hier nicht erlaubt.
A2	die	Erlaubnis (Sg.) Haben Sie eine Arbeitserlaubnis?
A2	die Ermäßigung,-enFür	Schüler, Studenten und Rentner gibt es eine Ermäßigung.
A2	erreichen,	Wenn wir uns beeilen, erreichen wir noch den Zug erreicht, um acht Uhr.
A2	hat erreicht	Bis 18 Uhr können Sie mich im Büro erreichen.
A2	erst	Wir können erst morgen kommen. | Dina ist keine 18, sie ist erst 16 Jahre alt.
A2	der Erwachsene,-n	Erwachsene zahlen zehn Euro, für Kinder ist der Eintritt frei. | Dieser Film ist nur für Erwachsene.
A2	erzählen, erzählt,	Wir müssen euch etwas erzählen!
A2	hat erzählt	Erzählst du mir eine Geschichte?
A2	essen, isst, hat gegessen	Was gibt es zu essen?
A2	das	Essen, - Das Essen in der Cafeteria ist meistens ganz gut. | Darf ich Sie zum Essen einladen?
A2	etwas	Ich muss dir etwas erzählen! | Haben Sie etwas zum Schreiben? | Ich habe leider nur Tee. Etwas anderes kann ich dir leider nicht anbieten.
A2	das	Fach, ¨-er Welches Fach magst du in der Schule am liebsten?
A2	(ab)fahren,	Ich fahre mit dem Auto zur Arbeit.
A2	fährt (ab),	Achtung an Gleis 17! Der Zug München - Paris fährt ist (ab)gefahren jetzt ab.
A2	die	Abfahrt, -en Wir haben noch zwanzig Minuten bis zur Abfahrt.
A2	die	Fahrkarte, -n Hast du schon eine Fahrkarte? | Ihre Fahrkarten, bitte!
A2	der	Fahrplan, ¨-e Ist das der neue Fahrplan?
A2	das (Fahr)Rad, ¨-er	Wenn es nicht regnet, fahre ich mit dem Fahrrad.
A2	fallen, fällt, ist gefallen	Pass auf, das Glas fällt gleich vom Tisch.
A2	falsch	Die Lösung ist falsch. | Sie haben die falsche Nummer gewählt.
A2	die	Familie, -n Meine Familie lebt in Spanien. | Ich habe eine große Familie.
A2	der Familienname, -n	Mein Familienname ist González.
A2	der	Fan, -s Er ist ein großer Fußballfan. | Bella ist ein Fan von Rammstein.
A2	fantastisch	Dein neues Kleid sieht fantastisch aus! | Das Buch ist fantastisch. Du musst es unbedingt lesen!
A2	die	Farbe, -n Die Farbe gefällt mir gut. | Was ist deine Lieblingsfarbe?
A2	fast	Der Film ist fast zu Ende. | Ich habe fast alles verstanden.
A2	faul fehlen, fehlt, Herr Müller ist nicht da, er fehlt schon seit drei	Heute sind wir faul: Wir machen keine Hausauf- gaben und arbeiten nicht.
A2	hat gefehlt	Tagen. | Was fehlt Ihnen?
A2	der	Fehler, - Diesen Fehler mache ich immer wieder.
A2	die	Feier, -n Wann hast du Feierabend?
A2	(z.	B. Feierabend, Am ersten Mai ist ein Feiertag. | Feiertag) feiern, Wir feiern heute meinen Geburtstag.
A2	hat gefeiert	Die Feier war sehr schön.
A2	das	Fenster, - Kannst du bitte das Fenster öffnen?
A2	die	Ferien (Pl.) Bald haben wir Ferien. | Fährst du in den Ferien weg oder bleibst du zu Hause?
A2	fernsehen, sieht fern, hat ferngesehen	Lass uns heute Abend mal fernsehen.
A2	der	Fernseher, - Der Fernseher ist kaputt.
A2	fertig sein,	Das Essen ist gleich fertig. Kommst du?
A2	ist fertig, war fertig, ist fertig gewesen	Wir müssen gleich gehen. Bist du fertig?
A2	das	Fest, -e Frohes Fest! | Am Wochenende feiern wir ein Fest. Meine Tochter hat Geburtstag.
A2	das	Festival, -s Am Wochenende ist in der Stadt ein Musik-Festival.
A2	fett	Die Wurst ist mir zu fett.
A2	das	Fieber (Sg.) Sie hat hohes Fieber.
A2	der	Film, -e Ich möchte gern diesen Film sehen.
A2	finden, findet,	Wir müssen den Schlüssel finden.
A2	hat gefunden	Ich finde es nicht gut, dass du so viel arbeitest. | Ich finde ihn sehr nett.
A2	die	Firma, -en Er arbeitet jetzt bei einer anderen Firma.
A2	der	Fisch, -e Fisch mag ich lieber als Fleisch.
A2	fit sein, ist fit, ist fit gewesen	Tom will fit sein. Er geht jeden Tag ins Fitness- war studio.
A2	die	Flasche, -n Eine Flasche Mineralwasser, bitte!
A2	das	Fleisch (Sg.) Fleisch mag ich nicht.
A2	fleißig	Ibrahim ist sehr fleißig. Er macht immer seine Hausaufgaben.
A2	(ab)fliegen,	Ich fliege nicht gern; ich fahre lieber mit dem Zug.
A2	fliegt (ab),	Ich fliege in den Ferien nach Spanien.
A2	ist (ab)geflogen	Wann fliegst du ab?
A2	der	Flohmarkt, ¨-e Ich gehe gern auf den Flohmarkt. | Diesen Hut habe ich auf dem Flohmarkt gekauft.
A2	der	Flug, ¨-e Ich möchte einen Flug nach Kanada buchen. | Der Flug LH123 von München nach Frankfurt ist um 21:00 Uhr.
A2	der	Flughafen, ¨ Kannst du mich zum Flughafen bringen?
A2	das	Flugzeug, -e Das Flugzeug aus Berlin hat Verspätung. | Das Flugzeug startet in einer halben Stunde. Wir müssen uns beeilen.
A2	der	Fluss, ¨-e Der Rhein ist ein großer Fluss.
A2	das	Formular, -e Sie müssen dieses Formular ausfüllen.
A2	der	Fotoapparat, -eIch möchte mir einen Fotoapparat kaufen.
A2	fotografieren, fotografiert, hat fotografiert	Ich fotografiere gern.
A2	das	Foto, -s Darf ich ein Foto machen?
A2	die	Frage, -n Ich habe eine Frage.
A2	fragen, fragt,	Er wann er kommen kann.
A2	hat gefragt	Ich möchte Sie etwas fragen.
A2	die	Frau, -en Das ist Frau Becker. | Guten Tag, Frau Schmitt! | Hier arbeiten mehr Frauen als Männer.
A2	frei	Entschuldigung, ist dieser Platz noch frei? | Morgen haben wir frei. | Eintritt frei.
A2	freiwillig	Manchmal bleibe ich freiwillig länger im Büro.
A2	die	Freizeit (Sg.) In meiner Freizeit spiele ich oft Fußball.
A2	fremd freuen (sich), Zum Geburtstag habe ich ein interessantes Buch	Das weiß ich nicht; ich bin fremd hier. | Ich reise gern in fremde Länder.
A2	bekommen.	Ich freue mich sehr über das Geschenk.
A2	freut, hat gefreut Ich freue mich, weil ich heute mit meinen Freunden	Die Kinder freuen sich schon auf die Ferien. | Fußball spiele. | Es/Das freut mich!
A2	der	Freund, -Das ist ein Freund von mir.
A2	die	Freundin, -nen Das ist meine Freundin Susanne.
A2	freundlich	Er ist immer sehr freundlich zu mir. | Mit freundlichen Grüßen frisch Das Brot ist noch ganz frisch. Ich habe es gerade gekauft.
A2	froh	Ich bin froh, dass du kommen kannst.
A2	0	Frohes Fest!
A2	früh	Geht es auch später? Sechs Uhr ist mir zu früh. | Ich muss morgen sehr früh aufstehen.
A2	früher	Früher habe ich in Berlin gewohnt. | Wir nehmen den früheren Zug.
A2	das	Frühstück (Sg.) Möchtest du ein Ei zum Frühstück?
A2	frühstücken, frühstückt, hat gefrühstückt	Ich frühstücke immer um 9:00 Uhr.
A2	fühlen (sich),	Wie fühlen Sie sich?
A2	fühlt, hat gefühlt	Ich fühle mich heute nicht gut.
A2	der Führer-	Hast du den Führerschein?
A2	schein,	-e Sie hat die Führerscheinprüfung bestanden.
A2	die	Führung, -en Die nächste Führung beginnt um 15 Uhr.
A2	die Fundsachen	Haben Sie meinen Schirm gefunden? - Sie können (Pl.) dort bei den Fundsachen schauen.
A2	für	Das Paket ist für Sie. | Das ist der Schlüssel für die Haustür. | Gibt es hier einen Sportverein für Jugendliche?
A2	furchtbar	Er hat furchtbare Schmerzen. | Die Hose sieht ja furchtbar aus. So kannst du nicht zur Arbeit gehen!
A2	der	Fuß, ¨-e Der linke Fuß tut mir weh. | Gehen Sie zu Fuß zur Arbeit?
A2	der	Fußball, ¨-e Spielt ihr gern Fußball?
A2	die	Gabel, -n Kann ich bitte eine Gabel haben?
A2	ganz	Oh nein! Was ist passiert? Ist deine Brille jetzt kaputt? - Nein, zum Glück ist sie noch ganz! | Morgen haben wir den ganzen Tag Schule. | Ich bin ganz sicher, dass dein Termin am Montag ist. | Ich finde Lara ganz nett. | Oh, ich habe meinen Zahnarzttermin ganz vergessen.
A2	die	Garage, -n Hier ist eine Garage für dein Auto.
A2	der	Garten, ¨ Wir haben leider keinen Garten.
A2	der	Gast, ¨-e Heute Abend haben wir Gäste.
A2	geben, gibt,	Kannst du mir mal deinen Stift geben?
A2	hat gegeben	Es gibt keine Karten mehr für das Konzert.
A2	geboren	Ich bin in Zagreb geboren. | Wann und wo sind Sie geboren? | Geburts- Das Geburtsjahr Ihres Sohnes, bitte?
A2	(jahr, ort, tag),	Bitte tragen Sie Ihren Geburtsort noch ein.
A2	(-e,	-e, -e) Herzlichen Glückwunsch zum Geburtstag!
A2	geehrt-	Sehr geehrte Damen und Herren, gefährlich Du darfst nicht bei Rot über die Straße gehen. Das ist gefährlich.
A2	gefallen, gefällt,	Das Bild gefällt mir.
A2	hat gefallen	Wie gefällt es Ihnen in Berlin?
A2	gegen	Fahr nicht gegen den Baum! | Ich bin gegen diesen Vorschlag. | Wer spielt gegen wen? - Bayern gegen Dortmund. | Haben Sie etwas gegen Grippe?
A2	das	Gegenteil , -e Das Gegenteil von „klein“ ist „groß“.
A2	gegenüber	Die Post ist gegenüber vom Bahnhof. | Die Hausnummer 84 ist gleich gegenüber.
A2	das	Gehalt, ¨-er Sie ist mit ihrem Gehalt zufrieden.
A2	gehen, geht,	Ich weiß nicht, wie das geht.
A2	ist gegangen	Wie geht‘s? - Es geht. | Ich muss jetzt leider gehen. | Ich muss zum Arzt gehen. | Das geht (doch) nicht! | Nimmst du die Straßenbahn? - Nein, ich gehe lieber zu Fuß.
A2	gehören, gehört, hat gehört	Gehört der Stift dir?
A2	das	Geld (Sg.) Hast du noch Geld? | Kannst du mir ein bisschen Geld leihen?
A2	die	Geldbörse, -n Sie hat ihre Geldbörse verloren.
A2	das	Gemüse (Sg.) Wir kaufen das Gemüse immer auf dem Markt. | Tomaten sind mein Lieblingsgemüse.
A2	genau	Sind Sie sicher, dass die Prüfung am 15. Juni ist? - Ja, das weiß ich genau. | Die Uhr geht genau. | Es ist genau acht Uhr.
A2	genug	Es ist noch genug Pizza da. Möchtest du noch ein Stück? | Ich verdiene nicht genug.
A2	das	Gepäck (Sg.) Wollen Sie Ihr Gepäck mitnehmen? | Sie können Ihr Gepäck auch im Hotel lassen.
A2	gerade	Kannst du später anrufen? Wir essen gerade. | Was machst du gerade? | Da kommt er ja gerade.
A2	geradeaus	Gehen Sie immer geradeaus!
A2	das	Gerät, -e Elektrogeräte finden Sie im dritten Stock.
A2	das	Gericht, -e Mein Lieblingsgericht ist Pizza.
A2	gern, lieber,	Ich helfe Ihnen gern.
A2	am liebsten	Kaffee oder Tee? - Ich trinke lieber einen Tee. | Am liebsten trinke ich Kaffee.
A2	das	Geschäft, -e Die Geschäfte schließen um 18.30 Uhr.
A2	das	Geschenk, -e Danke für das schöne Geschenk.
A2	die	Geschichte, -n Erzählst du mir eine Geschichte? | Ich interessiere mich nicht für Geschichte. | Paul hat gute Noten in Geschichte.
A2	das	Geschirr (Sg.) Stellst du bitte das Geschirr in den Schrank?
A2	das	Gesicht, -er Wasch dir bitte das Gesicht. | Sie hat ein freundliches Gesicht.
A2	das	Gespräch, -e Sie hören ein Gespräch. Zu diesem Gespräch gibt es fünf Aufgaben. | Das Gespräch mit Frau Kunz ist um 14 Uhr.
A2	gestern	Gestern wollte ich dich anrufen.
A2	gesund	Ich hatte Grippe. Jetzt bin ich wieder gesund.
A2	die Gesundheit	Gesundheit! Sind Sie erkältet? | (Sg.) das Getränk, -e Mein Lieblingsgetränk ist Tomatensaft. | Die Getränkekarte, bitte!
A2	gewinnen,	Unsere Mannschaft hat gewonnen.
A2	gewinnt, hat gewonnen	Mein Sohn will bei diesem Spiel immer gewinnen.
A2	das	Gewitter, - Ich glaube, es gibt heute ein Gewitter.
A2	die	Gitarre, -n Er kann gut Gitarre spielen.
A2	das	Glas, ¨-er Bitte noch ein Glas Apfelsaft! | Wir brauchen noch drei Gläser.
A2	glauben, glaubt,	Sie können mir es ist so.
A2	hat geglaubt	Ich glaube, er kommt gleich.
A2	gleich	Ich komme gleich. | Wir sind gleich alt.
A2	das	Gleis, -e Der ICE nach Berlin hält heute an Gleis 12.
A2	das	Glück (Sg.) Viel Glück! | Oh, es regnet. Zum Glück habe ich meinen Schirm dabei.
A2	glücklich	Meine Tochter ist glücklich verheiratet. | Ein glückliches neues Jahr!
A2	der Glückwunsch, ¨-e	Herzlichen Glückwunsch zum Geburtstag!
A2	gratulieren, gratuliert, hat gratuliert	Ich gratuliere dir!
A2	grillen, grillt, hat gegrillt	Heute grillen wir im Garten.
A2	die	Grippe (Sg.) Ich habe eine Grippe und kann leider nicht kommen.
A2	groß	Mein Bruder und ich sind gleich groß. | Frankfurt ist eine große Stadt. | Unsere Wohnung ist 80 m² groß.
A2	die	Größe, -n Haben Sie das T-Shirt auch in Größe M?
A2	die	Gruppe, -n Die erste Gruppe beginnt um 16 Uhr. | Für Gruppen gibt es eine Ermäßigung.
A2	der ist gültig, war gültig, ist gültig gewesen	Gruß, ¨-e Viele Grüße an Ihre Frau. | Liebe Grüße Mit freundlichen Grüßen gültig Der Pass ist nicht mehr gültig.
A2	günstig	In diesem Laden gibt es immer günstige Angebote. | Ich suche ein günstiges Sofa.
A2	gut, besser,	Das finde ich gut.
A2	am besten	Ich komme um 17 Uhr. – Gut! | Guten Morgen! | Ein gutes neues Jahr! | Guten Appetit! | Welches Bild gefällt dir besser? | Dieses Kleid finde ich am besten.
A2	das	Haar, -e Sie hat lange Haare.
A2	haben, hat,	Ich habe ein neues Auto.
A2	hatte, hat gehabt	Hast du kurz Zeit?
A2	das	Hähnchen, - Ein Hähnchen mit Pommes, bitte!
A2	die	Halle, -n Wir treffen uns in Halle B. | Wo ist die neue Sporthalle?
A2	hallo	Hallo Inge! Wie geht’s?
A2	der	Hals, ¨-e Mir tut der Hals weh. | Ich habe seit gestern Halsschmerzen.
A2	halten, hält,	Dieser Zug hält nicht in Rüdesheim.
A2	hat gehalten	Kannst du mal kurz meine Jacke halten?
A2	die	Haltestelle, -n An der nächsten Haltestelle müssen Sie aussteigen.
A2	der	Hamburger, - Einen Hamburger ohne Salat, bitte.
A2	die	Hand, ¨-e Wasch dir bitte die Hände vor dem Essen.
A2	das	Handtuch, ¨-er Gibst du mir bitte ein frisches Handtuch?
A2	das	Handy, -s In der Schule bitte die Handys ausmachen! | Kannst du mir bitte deine Handynummer geben?
A2	hängen, hängt, hat gehangen/ Warum hast du das Bild noch nicht an die Wand	Im Museum hängen moderne Bilder. | gehängt gehängt? | Das Bild von meiner Tochter hat im Wohnzimmer gehangen.
A2	hart	Ich finde das Bett zu hart. | Die Brötchen sind ja ganz hart.
A2	hässlich	Ich finde das Kleid hässlich. Es gefällt mir nicht.
A2	die	Hauptstadt, ¨-e Berlin ist die Hauptstadt von Deutschland.
A2	das	Haus, ¨-er In welchem Haus wohnst du? | Ich gehe jetzt nach Hause. | Paul ist nicht zu Hause.
A2	der	Haushalt, -e Wer macht bei euch den Haushalt? - Meine Frau und ich machen den Haushalt zusammen: Ich wasche die Wäsche und sie putzt und räumt auf.
A2	das	Heft, -e Hast du dein Heft dabei?
A2	die	Heimat (Sg.) Ich komme aus der Schweiz. Das ist meine Heimat. | Mein Heimatland ist Italien. Dort bin ich geboren. | Jetzt lebe ich in Deutschland, das ist meine neue Heimat.
A2	heiraten, heiratet, hat geheiratet	Meine Schwester heiratet nächsten Monat.
A2	heiß	Vorsicht, der Tee ist heiß! | Mir ist heiß. Kannst du das Fenster öffnen?
A2	heißen, heißt,	Ich heiße Charlotte Meier.
A2	hat geheißen	Wie heißt das auf Deutsch?
A2	die	Heizung, -en Es ist kalt. Ist die Heizung kaputt?
A2	helfen, hilft, hat geholfen	Würden Sie mir bitte helfen?
A2	hell	Im Sommer ist es bis 21 Uhr hell. | Mein Zimmer ist sehr hell. | Haben Sie das T-Shirt auch in hellblau?
A2	das	Hemd, -en Nick trägt heute ein neues Hemd.
A2	her/her-/-her	Komm bitte mal her! | Herein! Die Tür ist offen. | Woher kommen Sie?
A2	heraus/raus	Möchtet ihr nicht rauskommen? Das Wetter ist so schön. | Kannst du bitte den Müll rausbringen?
A2	herein/rein	Herein! Die Tür ist offen. | Möchtest du nicht reinkommen? Ich kann uns einen Tee machen.
A2	der	Herd, -e In der neuen Küche fehlt noch der Herd.
A2	der	Herr, -en Guten Tag, Herr Sommer!
A2	herstellen, stellt her, hat hergestellt	In unserer Firma stellen wir Möbel her.
A2	herunterladen, lädt herunter, hat heruntergeladen	Er lädt die Musik aus dem Internet herunter.
A2	herzlich	Herzlichen Glückwunsch!
A2	heute	Heute ist ein schöner Tag. | Heute muss ich nur bis 16 Uhr arbeiten.
A2	hier	Elektro Bauer, guten Tag. Hier ist Pamela Linke. | Was kann ich für Sie tun? | Hier wohne ich. | Unterschreiben Sie bitte hier!
A2	die	Hilfe (Sg.) Hilfe! Bitte helfen Sie mir! | Er bekommt Hilfe von Freunden.
A2	der	Himmel (Sg.) Heute ist so tolles Wetter: Der Himmel ist blau und es gibt keine Wolken.
A2	hin/hin-/-hin	Wo gehst du hin?/Wohin gehst du? | Wohin ist Paul gegangen? –Ich glaube dorthin. | Er geht in den Garten hinaus. | Wir gehen ins Haus hinein.
A2	hinten	Die Tür zum Aussteigen ist hinten. | Bitte hinten aussteigen!
A2	hinter	Hinter dem Haus haben wir einen Garten.
A2	das	Hobby, -s Meine Hobbys sind Joggen und Schwimmen.
A2	hoch die Hochzeit, -en Zu seiner Hochzeit kommen mehr als einhundert	Der Mount Everest ist circa 8.880 Meter hoch. | Die Preise in diesem Laden sind sehr hoch. | Gäste.
A2	hoffen, hofft, hat gehofft	Ich hoffe, dass es dir gut geht.
A2	hoffentlich	Hoffentlich hat unser Zug keine Verspätung.
A2	holen, holt, hat geholt die Homepage, -s Auf der Homepage von Freiburg gibt es alle	Soll ich uns etwas zu trinken holen?
A2	wichtigen	Informationen über die Stadt. | Kennst du eine Homepage mit Deutschübungen?
A2	hören, hört,	Hör mal! Was ist das?
A2	hat gehört	Ich habe das Lied schon mal gehört.
A2	die	Hose, -n Kann ich die Hose waschen?
A2	das	Hotel, -s Im Urlaub sind wir in einem Hotel am Meer.
A2	der	Hund, -e Magst du Hunde? | Meine Tochter hat Angst vor Hunden.
A2	der	Hunger (Sg.) Ich habe Hunger! Wann können wir endlich essen?
A2	husten, hustet, hat gehustet	Sie hustet seit zwei Tagen. Sie ist krank.
A2	die	Idee, -n Was machen wir heute Abend? Hast du eine gute Idee?
A2	immer	Frau Bast kommt immer zu spät.
A2	in	Ich wohne in Wiesbaden. | Der Zug kommt in fünf Minuten. | Frau Rausch arbeitet im Reisebüro. | Komm, wir gehen ins Kino.
A2	die Information,-en	Wir haben hier einige wichtige Informationen für Sie. | Wenn Sie Fragen haben, gehen Sie zur Information.
A2	informieren	Ich möchte mich vor der Reise über das Land (sich) (über), informieren.
A2	informiert, hat informiert die Insel, -n Ich möchte im Sommer auf einer Insel Urlaub	Hast du dich über die Prüfung informiert? | machen. | Rügen ist die größte deutsche Insel.
A2	das	Instrument, -e Ich spiele Klavier. Spielen Sie auch ein Instrument?
A2	intelligent das Interesse, -n Ich habe viele Interessen: Sport, Lesen, Kultur,	Einstein war sehr intelligent. | Reisen.
A2	interessieren (sich),	Ich interessiere mich für Fußball.
A2	interessiert,	Den Artikel über Brasilien finde ich sehr hat interessiert interessant.
A2	interessant	Ich lese gerade ein interessantes Buch.
A2	international aus Italien, Conchi aus Spanien, Yin aus China …	Unser Deutschkurs ist international: Silvana kommt das Internet (Sg.) Das findest du im Internet. | Du kannst im Internet Musik hören oder Spiele spielen.
A2	das	Interview, -s Komm schnell! Im Radio kommt ein Interview mit deinem Lieblingssänger.
A2	ja	Sind Sie Herr Watanabe? – Ja. | Du bist hier in Berlin? Das ist ja toll!
A2	die	Jacke, -n Zieh dir eine Jacke an. Es ist kalt.
A2	die	Jeans (Pl.) Ich mag Jeans lieber als Röcke.
A2	jeder, e, s	Das Restaurant hat jeden Tag geöffnet. | Jedes Kind bekommt einen Ball.
A2	jemand	Hat jemand meinen Stift? | Hallo, ist jemand da?
A2	jetzt	Jetzt machen wir eine Pause.
A2	der	Job, -s Jenny hat einen neuen Job bei der Post. | Ich suche noch einen Ferienjob.
A2	joggen, joggt, ist/hat gejoggt	Ich jogge gern im Park.
A2	die Jugendherberge, -n	Wir übernachten in einer Jugendherberge.
A2	der/die	Viele Jugendliche hören den ganzen Tag Musik. | Jugendliche, -n Der Eintritt für Kinder und Jugendliche bis 16 Jahre ist frei.
A2	jung der Junge, -n In der Klasse von meiner Tochter sind 13 Jungen	Claudia ist 21. – Was? Noch so jung? | Bei uns im Haus wohnen viele junge Leute. | Mein Bruder ist fünf Jahre jünger als ich.
A2	und	15 Mädchen.
A2	der	Kaffee, -s Zum Frühstück trinke ich immer Kaffee. | Einen Kaffee, bitte.
A2	der	Kalender, - Haben Sie am Montag Zeit? - Einen Moment, ich schaue in meinem Kalender. | Ich schreibe alle Termine in meinen Kalender.
A2	kalt	Heute ist es sehr kalt. | Der Kaffee ist kalt. Ich möchte ihn nicht mehr trinken. | Mir ist kalt.
A2	die	Kamera, -s Hannes hat eine neue Kamera. Er kann mit der Kamera Fotos und Filme machen.
A2	kaputt die Karte, -n Ich schreibe meinen Bekannten eine Karte aus	Unsere Waschmaschine ist kaputt.
A2	dem	Urlaub. | Wollen wir Karten spielen? | Du musst noch die Karten für das Konzert abholen, vergiss das bitte nicht! | Die Karte, bitte! Ich möchte etwas bestellen. | Kann ich auch mit Karte (be-)zahlen?
A2	die	Kartoffel, -n Für Pommes frites braucht man Kartoffeln.
A2	der	Käse (Sg.) Isst du lieber Käse oder Wurst?
A2	die	Kasse, -n Zahlen Sie bitte an der Kasse.
A2	die	Katze, -n Meine Tochter wünscht sich eine Katze.
A2	kaufen, kauft, hat gekauft das Kaufhaus, -¨er Meine Pullover kaufe ich immer im Kaufhaus	Tim kauft sich ein neues Auto. | Hertie.
A2	kein, e	Hast du keinen Hunger? | Ich habe heute leider keine Zeit. | Ich spreche leider kein Chinesisch. | Ich habe keine Kinder.
A2	der	Keller, - Bitte bring die Kartoffeln in den Keller! | Die Waschmaschinen sind im Keller.
A2	kennen, kennt,	Kennen Sie diese Frau? – Nein, leider nicht.
A2	hat gekannt	Kennen Sie Berlin? –Ja, eine tolle Stadt.
A2	kennenlernen, hat kennengelernt	Wo habt ihr euch kennengelernt? –Wir haben uns lernt kennen, in München kennengelernt.
A2	die die Kette, -n Meine Mutter bekommt eine schöne Kette zum	Kenntnisse (Pl.) Deine Deutschkenntnisse sind sehr gut! | Ich möchte meine Computerkenntnisse verbessern. | Geburtstag.
A2	das	Kind, -er Wie viele Kinder haben Sie?
A2	der	Kindergarten,¨-Die kleine Laura geht schon in den Kindergarten.
A2	das	Kino, -s Gehen wir heute Abend zusammen ins Kino?
A2	der	Kiosk , -e Zeitungen kannst du am Kiosk kaufen.
A2	die	Kirche, -n Diese Kirche ist fast 800 Jahre alt.
A2	klappen, klappt,	Können wir uns heute Mittag treffen? –Ja, das hat geklappt klappt. | Wie war die Reise? - Gut, es hat alles super geklappt.
A2	klar	Kommst du mit? – Klar! | Ich komme morgen zu deiner Party, das ist doch klar.
A2	das	Klavier, -e Jakob kann sehr gut Klavier spielen.
A2	das	Kleid, -er Julia möchte ein rotes Kleid kaufen.
A2	die	Kleidung (Sg.) Wo finde ich Kleidung? – Hosen im Kleider und Röcke im zweiten Stock.
A2	klein	Unsere Wohnung ist sehr klein. | Unsere Tochter ist noch klein. Sie ist erst zwei Jahre alt. | Wir machen am Wochenende einen kleinen Ausflug.
A2	klug	Molly ist ein kluges Mädchen. | Lisa ist sehr klug. Sie bekommt immer gute Noten. | Das ist klug von dir.
A2	kochen, kocht,	Herr Georgi kann gut kochen.
A2	hat gekocht	Das Wasser kocht.
A2	der	Koffer, - Hast du den Koffer schon gepackt?
A2	der die Kollegin, -nen	Kollege, -n / Wie heißt die neue Kollegin?
A2	komisch	Der Film war sehr komisch. Wir haben viel gelacht. | Eine grüne Hose und gelbe Schuhe? Das sieht komisch aus. | Das Essen schmeckt komisch. Probier mal!
A2	kommen, kommt,	Woher kommen Sie? – Aus Frankreich.
A2	ist gekommen	Er wird bald kommen.
A2	können, kann,	Ich kann Deutsch und Russisch. Aber Englisch kann konnte, ich nicht.
A2	hat gekonnt	Können Sie mir helfen? | Du kannst durch den Park laufen, das ist am schnellsten. | Kann ich jetzt nach Hause gehen? | Sie können mit dem Bus an den Bahnhof fahren.
A2	der das Konto, -en Das Geld überweisen wir am ersten März auf Ihr	Kontakt, -e Ich habe wenig Kontakt zu meinen Kollegen. | Bitte schicken Sie mir Ihre Kontaktdaten! | Konto.
A2	kontrollieren, hat kontrolliert Bitte öffnen Sie Ihren Koffer, wir müssen Ihr	Können Sie bei meinem Auto bitte das Öl kontrolliert, kontrollieren? | Gepäck kontrollieren.
A2	das	Konzert, -e Für das Konzert am Sonntag gibt es noch Karten.
A2	der der Körper, Der Arzt sagt, ich muss etwas für meinen Körper	Kopf, ¨-e Mein Kopf tut weh!
A2	tun, z.	B. schwimmen oder Fahrrad fahren.
A2	die kosten, kostet,	Kosmetik (Sg.) Kosmetik können Sie im Erdgeschoss kaufen.
A2	hat gekostet	Wie viel kostet das Buch? – 20 Euro.
A2	kostenlos	Diese Zeitschrift kostet nichts. Sie ist kostenlos.
A2	krank	Ich kann heute nicht zur Arbeit kommen, ich bin krank und liege im Bett.
A2	das Kranken-	Meine Tante ist im Krankenhaus.
A2	haus, ¨-er	Er hat sich verletzt und muss ins Krankenhaus.
A2	die Krankenkasse, -n	Bei welcher Krankenkasse sind Sie?
A2	die	Krankheit, -en Welche Krankheit hat Herr Brandner?
A2	der	Kredit, -e Ich brauche einen Kredit von der Bank. | Bezahlen Sie mit Kreditkarte?
A2	die	Kreuzung, -en Fahren Sie an der nächsten Kreuzung rechts.
A2	kriegen, kriegt,	Ich kriege 15 Euro pro Stunde für meinen Job.
A2	hat gekriegt	Auch wenn du schnell läufst: Ich kriege dich. | Was kriegen Sie? – Ein Käsebrötchen, bitte.
A2	der	Krimi, -s Miriam liest gern spannende Krimis. | Schauen wir am Sonntag zusammen den Tatort?
A2	– die Küche, -n Ich suche eine neue Wohnung mit drei Zimmern,	Nein, ich mag keine Krimis. | Küche und Bad.
A2	der	Kuchen, - Er isst sonntags ein Stück Kuchen. | Schokoladenkuchen schmeckt mir am besten.
A2	kühl	Es ist kühl draußen. Zieh dir eine Jacke an.
A2	der Kühlschrank, ¨-e die Kultur, -en Ich finde fremde Länder und Kulturen sehr	Haben wir noch Milch? – Ja, im Kühlschrank. | interessant. | Jana interessiert sich sehr für Kultur. Sie geht jede Woche ins Theater oder ins Museum.
A2	kümmern (sich),	Sonja kann nicht arbeiten. Sie muss sich um ihre Tochter kümmern.
A2	hat gekümmert	Ich habe jetzt keine Zeit. Ich muss mich um das Essen kümmern.
A2	der die Kundin, -nen	Kunde, -n / Einen Moment, bitte. Ich habe eine Kundin.
A2	kündigen, kündigt,	Meine Arbeit gefällt mir nicht mehr. Ich habe heute hat gekündigt gekündigt.
A2	die	Kunst, ¨-e Ich verstehe nichts von moderner Kunst. | Kunst war mein Lieblingsfach in der Schule.
A2	der	Kurs, -e Der Deutschkurs dauert zwei Monate.
A2	kurz	Ricardo hat kurze Haare. | Kann ich Sie kurz sprechen?
A2	lachen, lacht,	Die Kinder lachen über den Witz.
A2	hat gelacht der Laden, ¨Ich kaufe meine Kleider immer in einem kleinen	Lachen ist gesund. | Laden im Zentrum.
A2	die	Lampe, -n Mach bitte die Lampe an. Es ist so dunkel.
A2	das	Land, ¨-er Deutschland ist ein schönes Land. | Möchten Sie lieber auf dem Land oder in der Stadt wohnen?
A2	die	Landschaft, -en Die Landschaft ist sehr schön.
A2	lang	Die Hose ist zu lang. Können Sie sie ändern?
A2	lange	Wie lange fährt der Zug von Hamburg nach Berlin?
A2	langsam	Könnten Sie bitte etwas langsamer sprechen?
A2	langweilig	Mir ist langweilig. | Sie findet Fußball sehr langweilig.
A2	der/das	Laptop, -s Ich brauche einen neuen Laptop.
A2	lassen, lässt,	Lass mich in Ruhe!
A2	hat gelassen	Kann ich mein Auto hier stehen lassen? | Ich kann meine kleine Tochter noch nicht allein lassen.
A2	laufen, läuft, ist gelaufen Unsere Tochter ist erst ein Jahr alt, aber sie kann	Ich gehe jeden Morgen laufen. | schon laufen. | Wann läuft der Film?
A2	laut	Nicht so laut! Das Baby schläft.
A2	leben, lebt,	Sie lebt bei ihrer Schwester.
A2	hat gelebt	Ihre Großeltern leben nicht mehr.
A2	das	Leben, - Hier in London ist das Leben teuer.
A2	die Lebens-	Lebensmittel bekommen Sie im Supermarkt. | mittel (Pl.) leer Die Kanne ist fast leer. Ich mache neuen Tee.
A2	legen, legt, hat gelegt	Legen Sie das Buch auf den Tisch.
A2	leicht	Das Paket ist leicht, es wiegt nur ein Kilo. | Die Aufgabe ist nicht leicht.
A2	leider	Leider kann ich nicht kommen. Ich muss zum Arzt.
A2	leidtun/leid tun, tut leid, hat leidgetan	Es tut mir dass ich nicht kommen kann.
A2	leihen, leiht, hat geliehen	Kannst du mir fünf Euro leihen?
A2	leise	Seid leise. Die anderen schlafen schon.
A2	lernen, lernt, hat gelernt	Wie lange lernen Sie schon Deutsch?
A2	lesen, liest, hat gelesen	In der Schule lesen wir ein Buch von Goethe.
A2	letzt-	Morgen ist der letzte Kurstag. | Was hast du letzte Woche gemacht?
A2	die	Leute (Pl.) Auf der Party sind viele Leute.
A2	das	Licht, -er Es ist so dunkel. Mach bitte das Licht an!
A2	lieb-	Liebe Susanne, lieber Hans, Ich fahre lieber mit dem Zug als mit dem Bus. | Möchtest du Pommes oder lieber eine Pizza?
A2	lieben, liebt, hat geliebt	Ich liebe dich! | Lieblings- Meine Lieblingsfarbe ist Blau.
A2	das	Lied, -er Zum Geburtstag singen wir dir ein Lied.
A2	liefern, liefert, hat geliefert	Wir liefern Ihnen den Schrank nach Hause.
A2	liegen, liegt,	Die Zeitung liegt auf dem Tisch.
A2	hat/ist gelegen	Judith liegt noch im Bett. | Frankfurt liegt am Main.
A2	der	Link, -s Ich schicke dir einen Link zu Deutschübungen.
A2	links	Gehen Sie die nächste Straße links.
A2	der	Löffel, - Bitte bringen Sie mir einen Löffel.
A2	das	Lokal, -e Gibt es hier in der Nähe ein gutes Lokal?
A2	die	Lüge, -n Das stimmt nicht! Das ist eine Lüge!
A2	lügen, lügt,	Du sollst nicht lügen.
A2	hat gelogen	Glaub ihm nicht, er lügt.
A2	die	Lust (Sg.) Gehen wir heute Abend ins Kino? - Nein, ich habe keine Lust. | Ich habe Lust auf Schokolade.
A2	lustig	Warum lacht ihr? Was ist so lustig? | Ich mag lustige Filme.
A2	machen, macht,	Was machst du heute Abend?
A2	hat gemacht	Ich muss jetzt das Essen machen. | Das macht 5 Euro 95. | Entschuldigung! - Das macht doch nichts.
A2	das	Mädchen, - Familie Kurz bekommt ein Baby. – Junge oder Mädchen?
A2	der	Magen, ¨- Mein Magen tut weh.
A2	die	Mailbox, -en Hier ist die Mailbox von Susanne König. | Ich habe dir auf die Mailbox gesprochen.
A2	mal / das	Mal Sag mal, wie gefällt dir mein neues Kleid? | Das erste Mal war ich vor fünf Jahren in England. | Tschüss, bis zum nächsten Mal!
A2	malen, malt, hat gemalt	Mein Sohn kann gut malen.
A2	man	Wie schreibt man das? | Hier darf man nicht rauchen.
A2	manch-	Manche Nachbarn sind unfreundlich.
A2	manchmal	Manchmal essen wir im Restaurant. | Rauchen Sie? - Manchmal.
A2	der	Mann, ¨-er Mein Mann ist Polizist.
A2	männlich	Bitte wählen Sie: „weiblich“ oder „männlich“.
A2	die Mannschaft,-enMeine	Lieblingsmannschaft hat 1:0 verloren.
A2	der	Mantel, ¨- Es ist kalt. Zieh deinen Mantel an!
A2	der	Markt, ¨-e Ich gehe heute auf den Markt. | Samstags ist hier Markt.
A2	die	Maschine, -n Die Waschmaschine funktioniert sehr gut.
A2	das Medikament,-e	Nehmen Sie dieses Medikament dreimal pro Tag!
A2	das	Meer, -e Wir machen Urlaub am Meer.
A2	mehr	Dieses Auto kostet 1.000 Euro mehr als das andere. | Mehr kann ich nicht essen! | Ich möchte mehr Taschengeld.
A2	meinen, meint,	Wie meinst du das? Erklär mir das bitte genauer!
A2	hat gemeint die Meinung, -en Meine Meinung zu dem Thema ist: …	Der Film ist gut. Was meinst du? | Was ist deine Meinung dazu? | Ich habe meine Meinung geändert.
A2	meist-	Ich bin neu hier im Haus. Die meisten Nachbarn kenne ich noch nicht.
A2	meistens	Meistens trinke ich zum Frühstück nur einen Kaffee.
A2	die der Mensch, -en Die Menschen sind hier ein bisschen anders als	Menge, -n Wir haben noch eine Menge Zeit. | Ich kenne eine Menge Leute in dieser Stadt.
A2	im	Süden.
A2	merken, merkt,	Ich kann mir keine Zahlen merken. Ich vergesse sie hat gemerkt sofort. | Merkst du, dass es wärmer wird?
A2	die	Messe, -n Kommst du mit zur Buchmesse nach Frankfurt?
A2	das	Messer, - Das Messer schneidet nicht gut. | Ich habe nur ein Messer. Kannst du mir bitte noch eine Gabel bringen?
A2	die	Miete, -n Wie viel Miete bezahlst du für deine Wohnung?
A2	mieten, mietet, hat gemietet	Ich möchte ein Auto mieten.
A2	die	Milch (Sg.) Die Milch steht im Kühlschrank.
A2	mindestens	Bitte kommen Sie mindestens zwei Stunden vor Ihrem Flug zum Flughafen. | Schreiben Sie mindestens sieben Sätze! | Ich warte schon mindestens 20 Minuten. Wann kommst du denn endlich?
A2	das Mineral-kommen/-machen/Fahren wir mit dem Auto oder mit dem Zug nach	Ein Glas Mineralwasser, bitte. | wasser (Sg.) mit (+ mitbringen/ Trinken Sie den Kaffee mit oder ohne Zucker?
A2	-nehmen/-spielen)	Hamburg? | Ich komme mit meinem Freund. | Ich gehe einkaufen. Soll ich dir was mitbringen? | Ich gehe ins Kino. Kommst du mit? | Wir organisieren ein Fest. Möchtest du auch mitmachen? | Wir fahren am Wochenende in die Berge. Ich muss mein Zelt mitnehmen. | Warum spielt ihr nicht mit?
A2	der	Mitarbeiter, - Unsere Firma hat sieben Mitarbeiter.
A2	das die Mitte, -n Den Schrank stellen wir an die Wand, den Tisch in	Mittagessen, - Um zwölf Uhr gibt es Mittagessen.
A2	die	Mitte. | Ich habe bis Mitte August frei.
A2	das	Mittel, - Haben Sie ein Mittel gegen Magenschmerzen? | Das neue Waschmittel ist sehr gut.
A2	die	Möbel (Pl.) Eure Möbel sind sehr schön.
A2	das Mobil-	Wie kann ich Sie erreichen? Haben Sie ein telefon, -e Mobiltelefon?
A2	möchten, möchte, mochte, hat gemocht	Was möchten Sie trinken?
A2	die	Mode, -n Wie findest du die neue Mode?
A2	modern	Das Stadtzentrum von Frankfurt ist sehr modern.
A2	mögen, mag, hat gemocht	Magst du Schokolade? - Nein, ich mag keine Süßigkeiten.
A2	möglich	Kann ich bitte sofort einen Termin haben? - Das ist leider nicht möglich.
A2	der	Moment, -e Einen Moment, bitte. | Warten Sie bitte einen Moment. | Ich habe im Moment sehr viel zu tun.
A2	morgen	Morgen beginnt die Schule erst um zehn Uhr.
A2	der	Motor, -en Der Motor ist kaputt. Das Auto fährt nicht mehr.
A2	der	Motorroller, - Oskar fährt mit dem Motorroller zur Arbeit.
A2	müde	Ich bin müde. Ich gehe schlafen.
A2	der	Müll (Sg.) Bringst du bitte den Müll raus? | Kann ich die Zeitungen wegwerfen? - Ja, sie sind alt. Bring/Wirf sie bitte in den Müll!
A2	der	Mund, ¨-er Öffnen Sie bitte den Mund. Ich möchte in Ihren Hals sehen.
A2	das	Museum, -een Im Kunstmuseum gibt es eine neue Ausstellung.
A2	die	Musik (Sg.) Wie findest du die Musik? | Spanische Musik gefällt mir gut.
A2	müssen, muss, musste	Ich muss jeden Tag von 8 Uhr bis 18 Uhr arbeiten.
A2	die	Mütze, -n Haben Sie rote Mützen?
A2	nach der Nachbar, -n, Mein Nachbar kommt aus Brasilien und meine	Ich gehe jetzt nach Hause. | Ich fliege nach München. | Es ist schon fünf nach zwölf. | Wir treffen uns nach der Arbeit.
A2	die Nachbarin,-nen die Nachricht, -en Ich sehe abends immer die Nachrichten im	Nachbarin ist Italienerin. | Die neuen Nachbarn sind sehr nett. | Fernsehen. | Kommst du mit ins Kino? - Ich weiß es noch nicht. | Ich schreibe dir später eine Nachricht. | Sie haben keine neuen Nachrichten.
A2	nächste,	-er, -es Sehen wir uns nächste Woche? | Ihr nächster Termin ist in einem Monat. | Bis nächstes Mal!
A2	die	Nähe (Sg.) Die Post ist in der Nähe vom Bahnhof.
A2	der	Name, -n Wie ist Ihr Name? | Mein Name ist Thomas Schmidt. | Mein Vorname ist Thomas; Schmidt ist der Familien- name.
A2	nass	Geh nicht mit den nassen Schuhen ins Wohnzimmer! | Du bist ja ganz nass. Hast du den Regenschirm vergessen?
A2	die	Natur (Sg.) Ich bin gern draußen in der Natur.
A2	natürlich	Natürlich helfen wir dir. | Kommst du zu meiner Party? –Natürlich.
A2	neben	Neben mir ist noch ein Platz frei. | Die Apotheke ist neben der Post.
A2	nebenan	Das ist José. Er wohnt nebenan.
A2	neblig	Fahr vorsichtig! Es ist neblig.
A2	nehmen, nimmt,	Nehmen Sie die Tabletten vor dem Essen!
A2	hat genommen	Was möchten Sie? –Ich nehme einen Salat. | Ich nehme den Bus.
A2	nein nennen, nennt, Mein Freund heißt Alexander, aber alle nennen	Möchten Sie ein Stück Kuchen? –Nein, danke. | Fährst du auch nach München? – Nein, ich habe keine Zeit.
A2	hat genannt ihn	Alex.
A2	nervös	Bei Prüfungen bin ich immer sehr nervös.
A2	nett	Ich habe viele nette Kollegen. | Vielen Dank! Das ist sehr nett von dir.
A2	neu	Ich bin der neue Mitarbeiter. | Wir haben eine neue Wohnung. | Zeig mal! Ist das dein neues Handy?
A2	nicht	Das stimmt nicht. | Ich kann morgen leider nicht kommen. | Lisa wohnt nicht in Hamburg, sie wohnt in Bremen.
A2	nichts	Das macht nichts. | Hier kaufe ich nichts. Der Laden gefällt mir nicht.
A2	nie	Er kommt nie pünktlich.
A2	niemand	Hier ist niemand. | Hier ist der Anrufbeantworter von Familie Klein. | Leider ist im Moment niemand zu Hause.
A2	nirgends	Hier kann man nirgends parken. | Wo ist Stefan? Ich kann ihn nirgends sehen.
A2	noch	Vielleicht kommt er noch. | Es dauert noch ein paar Minuten. | Ich habe noch 20 Euro.
A2	normal	Das ist doch ganz normal.
A2	die	Note, -n Eva hat immer sehr gute Noten in Deutsch.
A2	notieren, notiert, hat notiert	Notieren Sie bitte alle wichtigen Informationen.
A2	die	Notiz, -en Schreib mir bitte eine Notiz. | Haben Sie einen Notizzettel für mich?
A2	notwendig	Muss ich noch einmal kommen? –Nein, das ist nicht notwendig.
A2	die	Nudel, -n Möchten Sie lieber Reis oder Nudeln?
A2	–Lieber	Nudeln, bitte.
A2	die	Nummer, -n Sie haben Zimmer Nummer zwölf. | Welche Hausnummer haben Sie? | Können Sie mir bitte Ihre Nummer geben? | Haben Sie die Bluse auch eine Nummer kleiner?
A2	nur	Ich möchte nur ein Glas Wasser. | Das T-Shirt kostet nur fünf Euro.
A2	nützlich	Danke für den Tipp. Er war sehr nützlich.
A2	oben	Ich wohne oben im 4. Stock.
A2	das	Obst (Sg.) Obst kaufe ich immer auf dem Markt. Heute kaufe ich Äpfel und Orangen.
A2	oder	Wann können Sie kommen – heute oder morgen?
A2	zu	Fuß.
A2	offen	Ist das Fenster im Bad noch offen? | Ich glaube, der Supermarkt ist jetzt noch offen.
A2	öffnen, öffnet,	Ich öffne die Tür.
A2	hat geöffnet	Der Laden ist samstags bis 16.00 Uhr geöffnet.
A2	oft	Ich gehe nicht oft ins Kino.
A2	ohne	Bitte einen Kaffee ohne Milch und Zucker. | Schaffst du das auch ohne mich oder soll ich dir helfen?
A2	das	Ohr, -en Ich habe Ohrenschmerzen.
A2	das	Öl, -e Machen wir den Salat mit Öl? | Können Sie bei meinem Auto bitte das Öl kontrollieren?
A2	online	Wann bist du wieder online? | Ich habe hier kein Internet. Ich bin erst heute Abend wieder online. | Sie können das Geld auch online überweisen.
A2	die	Orange, -n Ich esse gern Orangen.
A2	die	Ordnung, -en Er hat seine Hausaufgabe gut gemacht. Das ist alles in Ordnung. | Ich mache gleich Ordnung in meinem Zimmer.
A2	organisieren,	Frau Gomez organisiert unseren Ausflug.
A2	organisiert, hat organisiert der Ort, -e Vergessen Sie Ort und Datum nicht, wenn Sie einen	Hast du schon alles für deinen Urlaub organisiert? | Brief schreiben. | Der Ort liegt in den Bergen. | Wohnort: Köln.
A2	das	Paar, -e Romeo und Julia sind ein Paar. | Ich brauche ein Paar Schuhe.
A2	ein paar	Wir fahren ein paar Tage ans Meer. | Hast du ein paar Minuten Zeit?
A2	packen, packt, hat gepackt	Ich muss noch meinen Koffer packen.
A2	das	Paket, -e Bringst du bitte das Paket zur Post?
A2	das	Papier, -e Hier sind Papier und Bleistift.
A2	die	Papiere (Pl.) Haben Sie Ihre Papiere dabei?
A2	das	Parfüm, -s Ich suche ein Parfum als Geschenk für meine Frau.
A2	der	Park, -s Ich gehe gern im Park spazieren.
A2	parken, parkt,	Darf ich hier parken?
A2	hat geparkt	Hier ist Parken verboten.
A2	der die Partnerin, -nen	Partner, - Veronika ist meine Partnerin.
A2	die	Party, -s Heute Abend machen wir eine Party.
A2	der	Pass, ¨-e Am Flughafen brauchst du deinen Pass.
A2	passen, passt,	Die Bluse passt mir nicht.
A2	hat gepasst	Welches Wort passt? Wählen Sie.
A2	passieren,	Wie ist der Unfall passiert?
A2	passiert, ist passiert	Was ist passiert?
A2	das	Passwort, ¨-er Bitte schreiben Sie Ihr Passwort. | Sie brauchen ein Passwort. | Ich habe mein Passwort vergessen.
A2	die	Pause, -n Von 12.00 bis 12.30 Uhr haben wir Mittagspause.
A2	die	Person, -en Eintritt pro Person: 5 Euro.
A2	das die Pflanze, -n Können Sie sich bitte um unsere Pflanzen	Pferd, -e Amira liebt Pferde. Sie reitet seit zehn Jahren.
A2	kümmern?	Wir sind nächste Woche im Urlaub.
A2	die das Plakat, -e Wir machen im Unterricht ein Plakat zum Thema	Pizza, -s/-en Mein Lieblingsessen ist Pizza. | Eine Pizza mit viel Käse, bitte.
A2	„Essen und	Trinken“.
A2	der	Plan, ¨-e Ich kaufe mir einen Stadtplan.
A2	planen, plant,	Wir sollen zusammen eine Klassenparty planen.
A2	hat geplant	Morgen schwimmen ... ist ein guter Plan.
A2	der	Platz, ¨-e Hier ist noch ein Platz frei. | Bitte nehmen Sie Platz! | Ich wohne am Messeplatz 5. | Ich finde keinen Parkplatz.
A2	plötzlich	Plötzlich war das Licht aus.
A2	die	Polizei (Sg.) Rufen Sie die Polizei!
A2	die	Pommes frites Die Kinder essen Bratwurst mit Pommes frites. | (Pl.) die Portion, -en Ich nehme eine kleine Portion Eis.
A2	die	Post (Sg.) Entschuldigung, wo ist die Post? | Ist Post für mich da?
A2	das	Poster, - Das Poster hängt über dem Bett.
A2	die	Postkarte, -n Schreibst du mir eine Postkarte aus Kanada?
A2	die Postleitzahl, -en	Wie ist Ihre Postleitzahl?
A2	das	Praktikum, -a Ich mache ein Praktikum bei Siemens.
A2	praktisch	Mit meinem neuen Handy kann ich auch im Internet surfen und Fotos machen. Das finde ich sehr praktisch.
A2	die	Praxis, -en Unsere Praxis ist ab acht Uhr geöffnet. Frau Doktor Weiß hat ab neun Uhr Sprechstunde.
A2	der	Preis, -e Die Preise sind hier viel höher als bei uns.
A2	preiswert	Die Jacke ist sehr preiswert. Sie kostet nur 15 Euro.
A2	privat	Das ist meine Nummer im Büro und das ist meine private Handynummer. | Dieser Strand ist privat. Wir dürfen hier nicht schwimmen gehen. | Hey, du darfst die Mail nicht lesen! Sie ist privat.
A2	pro	Das Zimmer kostet 100 Euro pro Nacht.
A2	probieren,	Möchten Sie den Käse probieren?
A2	probiert, hat probiert	Die Tür geht schwer auf. Probier mal!
A2	das	Problem, -e Ich habe ein Problem. Können Sie mir bitte helfen?
A2	das	Produkt, -e Unsere Produkte haben eine sehr hohe Qualität.
A2	das	Programm, -e Dieses Programm im Radio interessiert mich nicht. | Was kommt heute im Kino? Hast du das Programm hier?
A2	unserer der Prospekt, -e Bitte schicken Sie mir einen Prospekt von Ihrem	Stadt. | Hotel.
A2	prüfen, prüft, hat geprüft	Bitte prüfen Sie die Rechnung sofort.
A2	die	Prüfung, -en Ich habe die Prüfung bestanden.
A2	der	Pullover, - Ich muss mir einen Pullover kaufen.
A2	pünktlich	Der Bus fährt pünktlich um acht Uhr. | Herr Müller ist immer pünktlich.
A2	putzen, putzt, hat geputzt	Ich muss heute noch das Bad putzen.
A2	die	Qualität, -en Dieser Fernseher hat eine gute Qualität. | Ich finde die Qualität wichtiger als den Preis.
A2	das	Quiz (Sg.) Er schaut gern Quizsendungen an. | Sie hat beim Quiz gewonnen.
A2	das	Radio, -s Ich höre im Auto gern Radio.
A2	raten, rät,	Ich weiß nicht, welches Handy ich kaufen soll. Was hat geraten raten Sie mir? | Rate mal, wen ich heute gesehen habe! Deinen Lehrer.
A2	das	Rathaus, ¨-er Das Formular bekommen Sie im Rathaus. | Sie müssen sich im Rathaus anmelden.
A2	das	Rätsel, - Das Rätsel ist schwierig! Ich weiß die Antwort nicht.
A2	rauchen, raucht,	Stört es Sie, wenn ich rauche?
A2	hat geraucht	Rauchen ist hier verboten!
A2	der	Raum, ¨-e Der Unterricht findet heute in Raum 332 statt.
A2	rechnen, rechnet, hat gerechnet	Sarah kann gut rechnen.
A2	die	Rechnung, -en Schicken Sie die Rechnung an mich. | Bitte, die Rechnung!
A2	recht haben, hat recht, hatte recht, hat recht gehabt	Du hast (nicht) recht.
A2	rechts	Der Bahnhof ist hier rechts.
A2	reden, redet,	Mit meiner Freundin kann ich über alles reden.
A2	hat geredet	Rede nicht so viel!
A2	der	Regen (Sg.) Bei Regen gehe ich nicht aus dem Haus.
A2	regnen, regnet, hat geregnet	Wenn es bleiben wir zu Hause.
A2	reich	Lotte ist reich. Sie hat sehr viel Geld.
A2	der	Reifen, - Ich brauche neue Reifen für mein Auto.
A2	die	Reihe, -n Ich habe Karten für das Konzert. Wir sitzen in der dritten Reihe. | Wer ist jetzt an der Reihe?
A2	die	Reinigung, -en Bringst du bitte die Bluse in die Reinigung? Man darf sie nicht in der Waschmaschine waschen.
A2	der	Reis (Sg.) Ich esse gern Reis mit Gemüse und Fisch.
A2	die	Reise, -n Wir machen eine Reise nach Österreich. | Ich mache nächste Woche eine Geschäftsreise.
A2	das	Reisebüro, -s Wir organisieren eine Rundreise durch Deutschland. | Wir buchen die Reise im Reisebüro.
A2	der	Reiseführer, - Ich kaufe mir einen Reiseführer von Berlin. | Unser Reiseführer heißt Robert und ist sehr sympathisch.
A2	reisen, reist, ist gereist	Ich reise gern.
A2	reiten, reitet, ist geritten	Möchtest du reiten lernen?
A2	renovieren, renoviert, hat renoviert	Wir renovieren das ganze Haus.
A2	de die Rentnerin, -nen	Rentner, - / Mein Onkel arbeitet nicht mehr. Er ist Rentner.
A2	die	Reparatur, -en Die Reparatur ist sehr teuer.
A2	reparieren, repariert, hat repariert	Er muss den Motor reparieren.
A2	reservieren,	Reservieren Sie bitte ein Doppelzimmer.
A2	reserviert, hat reserviert	Ich möchte gern einen Tisch für fünf Personen reservierte, reservieren.
A2	der	Rest, -e Hier sind 50 Euro. Den Rest gebe ich dir später. | Es ist noch ein Rest Suppe da. Möchtest du noch?
A2	das	Restaurant, -s Wir essen heute in einem Restaurant.
A2	das	Rezept, -e Dieser Kuchen schmeckt super! Kannst du mir bitte das Rezept geben? | Dieses Medikament gibt es nur auf Rezept.
A2	die	Rezeption, en Geben Sie bitte den Schlüssel an der Rezeption ab.
A2	richtig	Habe ich das richtig verstanden? | Das ist richtig.
A2	riechen, riecht,	Diese Blumen riechen gut.
A2	hat gerochen	Hier riecht es nach Fisch.
A2	das Rind	Ich esse nur Fleisch vom Rind.
A2	der	Ring, -e Ich habe meinen Ring verloren.
A2	der	Rock, ¨-e Der Rock ist zu eng.
A2	romantisch die Rose, -n Er schenkt seiner Freundin rote Rosen zum	Dieser Film ist sehr romantisch. | Meine Freundin ist total romantisch. | Geburtstag.
A2	der der Rucksack, ¨-e Ich nehme lieber einen Rucksack als einen	Rücken, - Mein Rücken tut mir weh. | Koffer mit.
A2	rufen, ruft,	Rufst du bitte die Kinder. Das Essen ist fertig.
A2	hat gerufen	Wir müssen einen Arzt rufen.
A2	die	Ruhe (Sg.) Ruhe, bitte! Hier in der Bibliothek darf man nicht 0 laut sprechen.
A2	ruhig	Ich möchte ein ruhiges Zimmer.
A2	rund der Rundgang, ¨-e Der Rundgang durch das Schloss beginnt in wenigen	Unser Wohnzimmertisch ist rund. | Bis Berlin sind es noch rund 80 Kilometer. | Minuten.
A2	die	Sache, -n Ihr könnt eure Sachen im Hotel lassen. | Nimm deine Sachen und komm! | Das ist meine Sache.
A2	der	Saft, ¨-e Möchtest du einen Apfelsaft?
A2	sagen, sagt,	Entschuldigung, was haben Sie gesagt?
A2	hat gesagt	Wie sagt man „sorry“ auf Deutsch? | Sag mal, wie geht es dir denn?
A2	der	Salat, -e Wie schmeckt dir der Salat? | Möchten Sie zum Fisch einen Salat?
A2	das	Salz, -e Entschuldigung, kann ich bitte Salz haben?
A2	sammeln,	Peter sammelt Briefmarken.
A2	sammelt, hat gesammelt	Im Herbst sammeln wir im Wald bunte Blätter.
A2	der	Satz, ¨-e Den letzten Satz verstehe ich nicht.
A2	sauber	Bringen Sie mir bitte ein sauberes Glas!
A2	sauer	Zitronen sind mir zu sauer. | Was ist los? –Ich bin sauer. Ich muss am Wochen- ende zu Hause bleiben und darf nicht mit meinen Freunden ins Kino gehen.
A2	schade	Schade, dass du nicht kommen kannst.
A2	schädlich	Rauchen ist schädlich für die Gesundheit.
A2	schaffen, schafft,	Kannst du mir bitte helfen? Ich schaffe das nicht hat geschafft alleine. | Geschafft! Das Projekt ist endlich fertig.
A2	der	Schalter, - Gehen Sie bitte zum Schalter drei! | Der Lichtschalter ist neben der Tür.
A2	scharf	Die Suppe ist mir zu scharf. | Pass auf! Das Messer ist sehr scharf.
A2	scheinen, scheint, hat geschienen	Die Sonne scheint.
A2	schenken, schenkt, hat geschenkt	Was schenken wir Michael zum Geburtstag?
A2	die	Schere, -n Die Schere schneidet nicht gut. Hast du eine andere?
A2	schicken, schickt,	Bitte schicken Sie mir eine E-Mail.
A2	hat geschickt	Ich schicke dir den Brief nach Hause.
A2	das	Schiff, -e Wir fahren mit dem Schiff von Basel nach Köln.
A2	das	Schild, -er Haben Sie das Schild nicht gesehen?
A2	schimpfen,	Warum schimpfst du denn so laut? –Ich ärgere schimpft, mich über mein Auto.
A2	hat geschimpft	Alle schimpfen über/auf das Wetter.
A2	der Schirm	Nimm den Schirm mit, es regnet.
A2	schlafen, schläft,	Ich schlafe meistens acht Stunden.
A2	hat geschlafen	Haben Sie gut geschlafen? | Gute Nacht! Schlaf gut und träum süß!
A2	das	Schlafzimmer, -Hier ist das Schlafzimmer.
A2	schlecht	Das Wetter ist schlecht. Wir haben schon seit einer Woche schlechtes Wetter. | Mir ist schlecht! | Mir geht es schlecht. Ich habe Fieber.
A2	schließen,	Bitte schließen Sie die Tür.
A2	schließt,	Wir müssen uns beeilen, die Bank schließt um hat geschlossen 18 Uhr.
A2	schlimm das Schloss, ¨-er Am Wochenende besichtigen wir Schloss	Kein Problem, das ist nicht so schlimm. | Neuschwanstein. | An unserer Tür ist das Schloss kaputt.
A2	der	Schluss, ¨-e Zum Schluss nochmals herzlichen Dank. | Ich muss jetzt Schluss machen. Bis bald!
A2	der	Schlüssel, - Ich gebe Ihnen noch den Zimmerschlüssel. | Ich finde meinen Schlüssel nicht.
A2	schmecken,	Schmeckt dir die Suppe?
A2	schmeckt,	Hat es Ihnen geschmeckt?
A2	hat geschmeckt	Schmeckt's?
A2	der	Schmerz, -en Haben Sie Schmerzen? | Ich habe Bauchschmerzen.
A2	schmutzig	Das Handtuch ist schmutzig.
A2	der	Schnee (Sg.) In den Bergen liegt viel Schnee.
A2	schneiden (sich),	Das Messer schneidet nicht gut.
A2	schneidet,	Wer schneidet dir die Haare?
A2	hat geschnitten	Aua! Ich habe mich geschnitten!
A2	schneien, schneit, hat geschneit	Morgen schneit es.
A2	schnell	Warum fährst du so schnell?
A2	die Schokolade	Julia liebt Schokolade. | (Sg.) schon Ist das Essen schon fertig? | Ich wohne schon seit fünf Jahren in Freiburg.
A2	schön	Schöne Ferien! | Das Bild ist sehr schön. | Schön, dass du kommst.
A2	der	Schrank, ¨-e Die Gläser stehen im Schrank. | Legst du bitte die Handtücher in den Schrank?
A2	schrecklich	Ich finde ihren Rock schrecklich. Er sieht furchtbar aus! | Ich finde den Film schrecklick. Er macht mir Angst.
A2	schreiben, schreibt, hat geschrieben	Ich schreibe dir eine E-Mail.
A2	schriftlich	Sie müssen sich schriftlich anmelden. | Die schriftliche Prüfung dauert 70 Minuten.
A2	der	Schuh, -e Zieh die Schuhe aus!
A2	6	Die neuen Schuhe sind mir zu eng. Sie drücken.
A2	die	Schule, -n Meine Tochter geht schon in die Schule. | Die Schule ist gleich hier um die Ecke.
A2	die	Schülerin, -nen Schüler.
A2	schwach	Er ist krank und schwach. | Ich fühle mich sehr schwach. | Die Tabletten sind zu schwach. Sie helfen nicht.
A2	schwanger	Lena ist schwanger. Sie bekommt im Juli ein Kind.
A2	das	Schwein, -e Ich esse kein Schweinefleisch.
A2	schwer	Wie schwer ist das Paket? | Das ist eine schwere Arbeit.
A2	schwierig	Die Prüfung war nicht schwierig.
A2	das Schwimmbad, ¨-er	Kommst du mit ins Schwimmbad?
A2	schwimmen, schwimmt, ist geschwommen	Ich schwimme täglich einen Kilometer.
A2	der	See, -n Morgen fahren wir mal an einen See schwimmen. | Komm, wir fahren an den Bodensee.
A2	die	See (Sg) Die See ist heute ruhig. | Wir machen Urlaub an der Nordsee.
A2	sehen, sieht,	Ich kann dich nicht sehen.
A2	hat gesehen	Möchtest du einen Film sehen? | Ich habe Lisa lange nicht gesehen. Ist sie im Urlaub? | Darf ich mal Ihren Ausweis sehen?
A2	die Sehenswürdigkeit, -en	Welche Sehenswürdigkeiten gibt es in Frankfurt?
A2	sehr	Danke sehr! | Das Wetter ist heute sehr schön.
A2	die	Seife, -n Hier gibt es keine Seife.
A2	sein, ist, war,	Das sind meine Kollegen.
A2	ist gewesen	Ich bin Mechaniker. | Die Cola ist kalt. | Mir ist kalt. | Ich bin dreiundzwanzig. | Um halb elf ist Pause. | Frau Berger ist im Urlaub.
A2	an sein / aus sein	Das Licht ist noch an/schon aus.
A2	auf sein	Das Fenster ist noch auf.
A2	weg sein	Herr Meier ist schon weg.
A2	zu sein	Die Tür ist zu.
A2	seit	Ich wohne seit drei Jahren in Köln. | Das ist die Bachstraße. Mein Haus ist auf der selbst Du musst mir nicht helfen, ich mache das selbst.
A2	die	Sendung, -en Welche Sendungen schaust du gern an? –Ich mag Sportsendungen. | Diese Sendung ist nicht für Jugendliche unter 18 Jahren.
A2	der	Service (Sg.) Ich bin mit dem Service in der Werkstatt sehr zufrieden. | Rufst du beim Pizza-Service an?
A2	setzen (sich), setzt, hat gesetzt	Setz dich doch!
A2	sicher	Dieses Auto ist besonders sicher. | Ich bin ganz sicher, dass er kommt. | Er ist sicher gleich da.
A2	singen, singt, hat gesungen	Er singt gern.
A2	die	Situation, -en Ich bin in einer schwierigen Situation. Ich weiß nicht, was ich tun soll. | Lesen Sie die Anzeigen und die Aufgaben 11-15. | Welche Anzeige passt zu welcher Situation?
A2	sitzen, sitzt, hat/ist gesessen	Wo möchten Sie sitzen? –Bitte ganz hinten.
A2	der	Ski, -, -er Gehen wir am Wochenende Ski fahren? | Er kauft sich neue Ski.
A2	so	Sie müssen das so machen! | Fahren Sie bitte nicht so schnell! | Meine Frau ist so groß wie ich. | So, das war‘s/wär‘s!
A2	das	Sofa, -s Das Sofa ist bequem.
A2	sofort	Bitte antworten Sie sofort. | Sie können sich ab sofort für den Kurs anmelden.
A2	sogar	Heute ist es sehr kalt. In den Bergen schneit es sogar. | Zu meiner Hochzeit kommen viele Gäste. Sogar meine Tante aus Kanada kommt.
A2	sollen, soll,	Wann soll ich kommen und was soll ich mitbringen?
A2	sollte	Und, was hat der Arzt gesagt? –Ich soll drei Tage im Bett bleiben und viel Tee trinken.
A2	die	Sonne, -n Die Sonne scheint.
A2	sonnig	Morgen ist das Wetter wieder warm und sonnig.
A2	sonst	Haben Sie sonst noch einen Wunsch? –Nein danke, das ist alles. | Beeil dich, sonst kommen wir zu spät!
A2	spannend	Ich finde den Film sehr spannend.
A2	sparen, spart, hat gespart	Ein neues Auto ist sehr teuer. Ich muss sparen.
A2	der	Spaß (Sg.) Meine Arbeit macht mir Spaß. | Ich will nicht aufräumen. Das macht mir keinen Spaß. | Viel Spaß!
A2	spät	Es ist schon spät, ich muss gehen.
A2	später	Das können wir später machen.
A2	spazieren gehen, geht spazieren, ist spazieren gegangen	Wir gehen sonntags immer spazieren.
A2	der Spaziergang, ¨-e	Abends mache ich immer einen Spaziergang.
A2	speichern, speichert, hat gespeichert die Speisekarte, -n Entschuldigung, bringen Sie uns bitte die	Sie müssen die Datei speichern. | Speisekarte.
A2	das	Spiel, -e Welche Kartenspiele kennen Sie? | Monopoly ist ein sehr bekanntes Spiel.
A2	spielen,	Die Kinder spielen draußen.
A2	spielt,	Spielen Sie Karten?
A2	hat gespielt	Jakob spielt Klavier.
A2	der	Sport (Sg.) Ich mache viel Sport.
A2	sportlich der Sportplatz, ¨-e Das Fußballtraining ist um 17 Uhr auf dem	Tom ist sehr sportlich. | Sportplatz.
A2	die	Sprache, -n Welche Sprachen sprichst du? –Ich spreche Englisch und Spanisch.
A2	sprechen, spricht, hat gesprochen	Kann ich (mit) Herrn Klein sprechen?
A2	die Sprech-	Frau Doktor Weiß hat von 9:00 bis 12:30 Uhr stunde, -n Sprechstunde.
A2	die	Stadt, ¨-e Heidelberg ist eine alte Stadt.
A2	der	Stadtplan, ¨-e Haben Sie einen Stadtplan von Salzburg?
A2	der	Star, -s Diese Sängerin ist ein Star in Deutschland.
A2	stark	Ich habe starke Kopfschmerzen. | Es regnet stark. | Der Kaffee ist sehr stark.
A2	stattfinden, findet statt, hat stattgefunden	Das Spiel findet auch bei Regen statt.
A2	stehen, steht,	Der Bus steht schon an der Haltestelle.
A2	hat/ist gestanden	Ich bin Verkäuferin. In meinem Beruf muss ich viel stehen. | Was steht heute in der Zeitung?
A2	die	Stelle, -n Ich habe eine neue Stelle. Ich arbeite jetzt bei Mercedes. | Wir treffen uns hier an dieser Stelle.
A2	stellen, stellt, hat gestellt	Stell die Milch bitte in den Kühlschrank!
A2	sterben, stirbt,	Herr Müller kommt heute nicht. Sein Vater ist ist gestorben gestern gestorben.
A2	der	Stiefel, - Wie viel kosten die roten Stiefel?
A2	der	Stift, -e Kannst du mir bitte einen Stift geben? - Was brauchst du? Einen Farbstift oder einen Bleistift oder einen Kugelschreiber?
A2	das Stipen-	Wenn ich ein gutes Zeugnis habe, bekomme ich dium, -en ein Stipendium.
A2	der	Stock, ¨-e; Unsere Wohnung liegt im ersten Stock.
A2	das	Stockwerk, -e Das Gebäude hat zwanzig Stockwerke.
A2	stören, stört,	Störe ich?
A2	hat gestört	Darf ich Sie kurz stören? | Mach die Musik leiser! Sie stört mich.
A2	der	Strand, ¨-e Im Urlaub bin ich am liebsten am Strand.
A2	die	Straße, -n In welcher Straße wohnen Sie?
A2	die Straßen-	Fahren wir mit der Straßenbahn oder mit der bahn, -en U-Bahn?
A2	streiten (sich), streitet, hat gestritten	Die Kinder streiten (sich) oft.
A2	streng	Der Lehrer von meiner Tochter ist sehr streng.
A2	der	Stress (Sg.) Ich habe bei der Arbeit viel Stress.
A2	stressig	Meine Arbeit ist stressig.
A2	das	Stück, -e Möchten Sie noch ein Stück Kuchen? | Im Theater spielen sie heute das Stück „Romeo und Julia“.
A2	der die Studentin, -nen	Student, -Ich bin Studentin.
A2	studieren, studiert, hat studiert	Ich studiere in Mainz.
A2	das	Studium (Sg.) Das Studium dauert drei Jahre.
A2	der	Stuhl, ¨-e Ist der Stuhl frei?
A2	suchen, sucht,	Suchst du etwas?
A2	hat gesucht	Ich suche meine Brille. | Wir suchen eine größere Wohnung.
A2	super	Der Film ist super. | Er kann super tanzen.
A2	der	Supermarkt, ¨-eIch kaufe oft im Supermarkt ein.
A2	die	Suppe, -n Schmeckt dir die Suppe?
A2	surfen, surft,	Ich möchte gern surfen lernen.
A2	hat/ist gesurft	Surfst du oft im Internet?
A2	süß	Ich finde die Torte zu süß. | Ist das deine Tochter? Die ist ja süß!
A2	die Süßigkeiten	Welche Süßigkeiten isst du am liebsten?
A2	sympathisch	Der neue Chef ist sehr sympathisch.
A2	das	Tablet, -s Hast du ein Tablet? - Nein, ich habe einen Laptop und ein Handy.
A2	die	Tablette, -n Du sollst am Abend zwei Tabletten nehmen.
A2	die	Tafel, -n Der Lehrer schreibt das neue Wort an die Tafel.
A2	(z.	B. Infotafel) Am Eingang gibt es Tafeln mit Informationen. | Die Infotafel ist am Eingang.
A2	tanzen, tanzt, hat getanzt	Tanzen Sie gern?
A2	die	Tasche, -n Ich habe die Schlüssel in der Tasche. | Ich habe nicht viel Gepäck. Nur eine Tasche.
A2	das Taschengeld	Wie viel Taschengeld bekommen deine Kinder? | (Sg.) die Tasse, -n Möchten Sie eine Tasse Kaffee?
A2	(aus)tauschen,	Können wir bitte die Plätze tauschen?
A2	tauscht (aus), hat (aus)getauscht	Können wir unsere Adressen austauschen?
A2	das	Taxi, -s Bitte rufen Sie mir ein Taxi.
A2	das	Team, -s Ich arbeite gern in einem Team.
A2	0	Welches Fußballteam findest du am besten?
A2	der	Tee, -s Ich trinke morgens immer Tee.
A2	teilen, teilt,	Wollen wir die Pizza teilen?
A2	hat geteilt	Mein Mann und ich teilen uns die Arbeit.
A2	teilnehmen, nimmt teil, hat teilgenommen	Ich möchte an dem Tanzkurs teilnehmen.
A2	das	Telefon, -e Darf ich bitte Ihr Telefon benutzen?
A2	telefonieren, telefoniert, hat telefoniert	Ich muss kurz telefonieren.
A2	der	Teller, - Stell die Teller bitte auf den Tisch! | Möchtest du noch einen Teller Suppe?
A2	das	Tennis (Sg.) Steffi spielt sehr gut Tennis.
A2	der	Termin, -e Am besten machen wir sofort einen Termin. | Ich habe heute einen Termin bei meiner Zahnärztin.
A2	teuer	Das ist mir zu teuer.
A2	der	Text, -e Lesen Sie bitte den Text.
A2	das	Theater, - Ich gehe nicht gern ins Theater.
A2	das	Thema, -en Heute heißt unser Thema: „Essen und Trinken“.
A2	das	Ticket, -s Wie viel kostet das Ticket?
A2	tief	Vorsicht, das Wasser ist tief!
A2	das	Tier, -e Wir dürfen keine Tiere in der Wohnung haben. | Meine Lieblingstiere sind Katzen.
A2	der	Tipp, -s Kannst du mir einen guten Tipp geben?
A2	der	Tisch, -e Das Essen steht schon auf dem Tisch.
A2	der	Titel, - Wie heißt der Film? - Ich weiß den Titel nicht mehr.
A2	die	Toilette, -n Wo ist die Toilette, bitte?
A2	toll	Der Urlaub war toll.
A2	die	Tomate, -n Die Tomate ist noch grün.
A2	der	Topf, ¨-e Hast du keinen größeren Topf? Ich möchte Kartoffeln kochen.
A2	die	Torte, -n Zum Geburtstag backe ich dir eine Torte.
A2	tot	Meine Großeltern sind schon lange tot.
A2	total	Der Film ist total langweilig.
A2	die	Tour, -en Wo kann ich eine Stadttour buchen? | Wir gehen am Wochenende wandern. Ich kenne eine schöne Tour in den Bergen.
A2	der die Touristin, -nen	Tourist, -Im Sommer kommen viele Touristen in diese Stadt.
A2	tragen, trägt,	Ich kann den Koffer nicht er ist zu schwer.
A2	hat getragen	Er trägt heute einen blauen Anzug.
A2	trainieren, trainiert, hat trainiert	Wir trainieren einmal pro Woche im Sportverein.
A2	das	Training, -s Das Training ist immer dienstags. | Ich gehe jede Woche zum Training.
A2	der	Traum, ¨-e Ich möchte eine eigene Firma, das ist mein Traum.
A2	träumen,	Ich habe schlecht geträumt.
A2	träumt, hat geträumt	Ich träume von einem großen Haus mit Garten.
A2	traurig	Ich bin sehr traurig. Meine Katze ist weggelaufen.
A2	treffen (sich),	Ich treffe in der Stadt einen Kollegen.
A2	trifft, hat getroffen	Wir treffen uns immer freitags.
A2	die	Treppe, -n Ich nehme die Treppe, nicht den Aufzug. | Wo ist die Toilette? - Die Treppe hoch und dann links.
A2	trinken, trinkt, hat getrunken	Möchtest du etwas trinken?
A2	trocken	Die Wäsche ist bald trocken.
A2	tschüs	Tschüs, bis morgen!
A2	das	T-Shirt, -s Haben Sie dieses T-Shirt auch in M?
A2	tun, tut,	Mein Rücken tut weh.
A2	hat getan	Es tut mir leid, ich kann leider nicht kommen. | Was kann ich für Sie tun?
A2	die	Tür, -en Mach bitte die Tür zu!
A2	typisch	Diese Musik ist typisch für dieses Land. | Typisch Anna, sie kommt natürlich wieder zu spät.
A2	üben, übt,	Ich lerne gerade Gitarre spielen. Ich übe jeden Tag hat geübt zwei Stunden.
A2	über	Gehen Sie lieber hier über die Straße. | Über uns wohnt Familie Schneider. | Sind Sie über 18?
A2	überall	Ich habe überall gesucht, aber ich kann meine Brille nicht finden.
A2	übermorgen	Morgen habe ich frei. Ich komme übermorgen wieder ins Büro.
A2	übernachten, übernachtet, hat übernachtet	Du kannst bei mir übernachten.
A2	übersetzen, übersetzt, hat übersetzt	Können Sie mir den Brief bitte übersetzen?
A2	die Übersetzung, -en	Ich brauche eine Übersetzung von meinem Zeugnis.
A2	überweisen,	Sie können das Geld auch überweisen.
A2	überweist, hat überwiesen	Ich überweise dir das Geld.
A2	die	Uhr, -en Es ist vier Uhr. | Geht deine Uhr richtig?
A2	um	Er kommt um sieben Uhr. | Die Apotheke ist gleich um die Ecke.
A2	umsteigen, steigt um, ist umgestiegen	Sie müssen in Mannheim umsteigen.
A2	umziehen, zieht um, ist umgezogen	Nächsten Monat ziehen wir um.
A2	sich umziehen, zieht sich um, zog sich um, hat sich umgezogen	Warte bitte, ich muss mich noch umziehen.
A2	der	Umzug, ¨-e Der Umzug ist nächste Woche.
A2	unbedingt	Ich muss unbedingt mit dir sprechen.
A2	und	Ich habe heute und morgen frei. | Ich kaufe ein und mein Mann kocht.
A2	der	Unfall, ¨-e Ich hatte gestern einen Unfall. | Wie ist der Unfall passiert?
A2	die	Universität, -en Er studiert an der Universität Freiburg.
A2	unten	Er wohnt ganz unten im Haus.
A2	unter	Unter uns wohnt eine Familie mit drei Kindern.
A2	unterhalten (sich),	Andreas und Nessrin unterhalten sich.
A2	unterhält, hat unterhalten	Wir haben uns über das Fußballspiel unterhalten.
A2	die	Unterkunft, ¨-e Ich suche noch eine Unterkunft in Basel. Kennst du ein günstiges Hotel?
A2	unternehmen, unternimmt, hat unternommen	Wollen wir heute Abend etwas unternehmen?
A2	der der Unterschied, -e Was ist der Unterschied zwischen den beiden	Unterricht (Sg.) Der Unterricht dauert bis 19 Uhr. | Kursen? - Die Kurse sind gleich. Es gibt keinen Unterschied.
A2	unterschreiben, unterschreibt, hat unterschrieben	Wo muss ich unterschreiben?
A2	die Unterschrift,-en	Hier fehlt noch Ihre Unterschrift.
A2	untersuchen,	Der Arzt hat mich untersucht.
A2	untersucht, hat untersucht	Der Arzt muss dein Bein untersuchen.
A2	unterwegs sein, war unterwegs, ist unterwegs gewesen	Warte bitte auf mich. Ich bin unterwegs und ist komme gleich.
A2	der	Urlaub, -e Ich nehme im September Urlaub.
A2	verabredet sein, ist verabredet, war verabredet, ist verabredet gewesen	Ich bin mit meiner Freundin verabredet.
A2	die Veranstal-	Am Samstag ist unser Restaurant geschlossen. Wir tung, -en haben eine Veranstaltung.
A2	verbieten / verboten sein	Hier ist Rauchen verboten.
A2	verdienen, verdient, hat verdient	Ich verdiene 1.500 Euro im Monat.
A2	der	Verein, -e Er ist seit vielen Jahren im Verein. | Es gibt einen neuen Sportverein in der Stadt.
A2	vereinbaren, vereinbart, hat vereinbart	Können wir einen Termin vereinbaren?
A2	vergessen,	Ich habe meine Hausaufgaben vergessen.
A2	vergisst, hat vergessen	Vergiss deinen Arzttermin nicht!
A2	vergleichen,	Vergleichen Sie die Angebote!
A2	vergleicht, hat verglichen	Können wir die Antworten vergleichen?
A2	verkaufen, verkauft, hat verkauft	Er verkauft sein altes Auto.
A2	der	Verkehr (Sg.) Morgens gibt es hier immer viel Verkehr.
A2	das Verkehrsmittel, -	Welche Verkehrsmittel benutzen Sie oft?
A2	verletzen (sich),	Sind Sie verletzt? –Ja, am Bein.
A2	verletzt, hat verletzt	Haben Sie sich verletzt?
A2	verlieben (sich), verliebt, hat verliebt	Ich bin total verliebt.
A2	verlieren,	Ich habe meinen Schlüssel verloren.
A2	verliert,	Michael hat seine Arbeit verloren.
A2	hat verloren	Wir haben das Fußballspiel verloren.
A2	vermieten, vermietet, hat vermietet	Die Wohnung ist schon vermietet.
A2	der die Vermieterin, -nen	Vermieter, - / Unser Vermieter ist nett.
A2	verpassen, verpasst, hat verpasst	Ich habe den Zug verpasst.
A2	verreisen,	Verreist ihr in den Ferien?
A2	verreist,	Frau Doktor Müller ist zur Zeit verreist. Sie kommt ist verreist erst nächste Woche zurück.
A2	verschieben, verschiebt, hat verschoben	Leider muss ich den Termin verschieben.
A2	verschieden	Unsere beiden Kinder sind sehr verschieden. | Ich habe diese Schuhe in verschiedenen Farben.
A2	die Verspätung,-en	Unser Zug hat leider 15 Minuten Verspätung.
A2	verstehen,	Können Sie mich verstehen?
A2	versteht, hat verstanden	Ich verstehe diese Aufgabe nicht.
A2	versuchen,	Kann ich es auch einmal versuchen?
A2	versucht,	Haben Sie es schon einmal mit diesem Mittel hat versucht versucht?
A2	der	Vertrag, ¨-e Ich muss den Vertrag noch unterschreiben.
A2	viel, e	Ich habe leider nicht viel Zeit. | Viel Spaß! | Im Winter sind viele Leute erkältet.
A2	vielleicht	Vielleicht bekomme ich diesen Job. | Er besucht uns vielleicht am Wochenende. | Kannst du mir vielleicht ein bisschen Geld leihen?
A2	der	Vogel, ¨- Nadine mag Vögel. | Morgens singen die Vögel immer laut.
A2	voll	Morgens und abends sind die Züge immer sehr voll. | Die Flasche ist noch ganz voll.
A2	der	Volleyball, ¨-e Ich spiele gern Volleyball.
A2	von	Das Auto von Felix ist kaputt. | Er kommt gerade von Köln/von zu Hause. | Die Brötchen sind leider von gestern.
A2	vor	Er ist vor einer Stunde gegangen. | Das Auto steht vor der Tür.
A2	vorbei	Die Linie 8 fährt am Krankenhaus vorbei. | Kommst du morgen bei mir vorbei?
A2	vorbereiten,	Morgen mache ich eine Party. Ich muss noch viel bereitet vor, dafür vorbereiten.
A2	hat vorbereitet	Ich muss mich auf meine Prüfung vorbereiten.
A2	vorgestern	Er hat mich vorgestern angerufen.
A2	vorher	Ich komme mit ins Café. Vorher muss ich aber noch zur Bank.
A2	vorn(e)	Bitte vorn(e) einsteigen!
A2	der	Vorname, -n Ich heiße Müller, mein Vorname ist Eva.
A2	der	Vorschlag, ¨-e Was machen wir am Wochenende? Hast du einen (haben/machen) guten Vorschlag? - Wir können ins Kino gehen. | Was schenken wir Christina zur Hochzeit? - Wir haben doch schon so viele Vorschläge gemacht.
A2	vorsichtig	Sei vorsichtig! | Du musst vorsichtig fahren, es ist neblig.
A2	vorstellen (sich),	Wir wollen uns kennenlernen. Können Sie sich stellt vor, bitte vorstellen?
A2	hat vorgestellt	Darf ich Ihnen meine Frau vorstellen?
A2	vorwärts	Fahren Sie bitte noch ein Stück vorwärts.
A2	wach	Bist du schon lange wach? | Ich bin noch nicht ganz wach.
A2	der	Wagen, – Wo steht Ihr Wagen? | Im zweiten Wagen ist unser Zugrestaurant.
A2	wählen, wählt,	Sie müssen erst eine Null wählen.
A2	hat gewählt	Wählen Sie bitte ein Getränk.
A2	wahr	Das ist (nicht) wahr!
A2	wahrscheinlich	Wahrscheinlich mache ich im Herbst einen Deutschkurs. | Er kommt wahrscheinlich nicht.
A2	der	Wald, ¨-er Im Wald ist es ruhig. | Ich gehe gern im Wald spazieren.
A2	wandern, wandert, ist gewandert	Wir gehen oft wandern.
A2	wann	Wann bist du fertig? | Wann kann ich Sie anrufen?
A2	warm	Hier ist es sehr warm. | Mittags esse ich oft ein warmes Essen. | Ich brauche einen warmen Pullover.
A2	warten,	Können Sie ein paar Minuten warten?
A2	wartet, hat gewartet	Auf wen warten Sie?
A2	warum	Warum kommt er nicht?
A2	was	Was ist das? | Was möchten Sie?
A2	die	Wäsche, -n Ich muss noch Wäsche waschen.
A2	waschen (sich), wäscht, hat gewaschen	Wo kann ich mir die Hände waschen?
A2	das	Wasser (Sg.) Ein Glas Wasser, bitte. | Gibt es hier kein warmes Wasser?
A2	wechseln,	Wir müssen den Reifen wechseln.
A2	wechselt, hat gewechselt	Können Sie mir zehn Dollar wechseln?
A2	wecken, weckt, hat geweckt	Bitte wecken Sie mich morgen früh um fünf.
A2	weg/weg-	Meine Brille ist weg. Ich finde sie nicht mehr.
A2	(wegbringen/	Bringst du bitte den Müll weg?
A2	-fahren/-gehen/	Können Sie Ihr Auto bitte wegfahren?
A2	-laufen/-machen/	Ich gehe jetzt weg.
A2	-nehmen/-werfen)	Unser Hund ist weggelaufen. | Kannst du das bitte wegmachen? | Warum hast du dem Kind den Ball weggenommen? | Sie können diese Papiere wegwerfen.
A2	der	Weg, -e Das ist der kürzeste Weg. | Können Sie mir bitte den Weg zum Flughafen beschreiben?
A2	wegen	Wegen seiner Arbeit kann er leider nicht kommen. | Ich rufe wegen meiner Tochter an.
A2	wehtun,	Wo tut es weh?
A2	tut weh, hat wehgetan	Ich will dir nicht wehtun.
A2	weiblich	Wählen Sie bitte: „weiblich“ oder „männlich“.
A2	weich	Ich möchte zum Frühstück ein weiches Ei. | Das Bett im Hotel war zu weich.
A2	weil	Ich kann nicht kommen, weil ich arbeiten muss.
A2	der	Wein, -e Nein danke, ich möchte keinen Wein.
A2	weinen, weint,	Warum weint das Baby?
A2	hat geweint	Weine bitte nicht!
A2	weit	Zum Bahnhof ist es nicht weit.
A2	weiter	Der Bus fährt nicht weiter.
A2	(z.	B. weiter- Können wir jetzt weitermachen?
A2	machen/-helfen)	Entschuldigung, können Sie mir bitte weiterhelfen?
A2	welcher,	-e, -s Welcher Tag ist heute? | Welchen Kurs möchtest du machen? | Welche Bluse nehmen Sie? | Welches Buch suchst du?
A2	die	Welt, -en Ich möchte gern einmal um die Welt reisen. | Die Studenten kommen aus vielen Ländern. Sie kommen aus der ganzen Welt.
A2	wenig,	-e Ich habe leider nur wenig verstanden. | Er verdient wenig.
A2	wenigstens	Ich habe keinen Hunger. - Ach, essen Sie wenigstens ein Stück Kuchen.
A2	wenn	Wenn ich nicht arbeiten muss, komme ich.
A2	wer (wen, wem)	Wer ist das?
A2	werden, wird,	Mein Sohn will Arzt werden.
A2	ist geworden	Das Wetter am Wochenende wird gut. Das haben sie im Radio gesagt.
A2	die	Werkstatt, ¨-en Mein Auto ist kaputt. Es ist in der Werkstatt.
A2	der	Wettbewerb, -eMein Sohn hat bei einem Wettbewerb gewonnen.
A2	das	Wetter (Sg.) Heute ist das Wetter gut: Es ist sonnig und warm. | Wir hatten im Urlaub schlechtes Wetter.
A2	wichtig	Es ist wichtig, dass Sie auch kommen. | Morgen habe ich einen wichtigen Termin.
A2	wie	Wie heißt du? | Wie bitte? Können Sie das bitte wiederholen? | Er schreibt wie ein Kind. | Meine Frau ist so groß wie ich. | Wie groß ist die Wohnung? | Wie soll ich das machen? | Wie lange bist du schon hier?
A2	wie viel,	-e Wie viel kostet diese Hose? | Wie viele Kinder haben Sie?
A2	wieder	Stefan kann wieder zum Fußballtraining kommen. | Geht es dir wieder besser? | Du kommst schon wieder zu spät. | Wann kommst du wieder?
A2	wiederholen, wiederholt, hat wiederholt	Können Sie das bitte wiederholen?
A2	das	Wiederhören, - Wir müssen jetzt Schluss machen. Also auf Wiederhören!
A2	das	Wiedersehen, - Auf Wiedersehen!
A2	willkommen	Herzlich willkommen in Berlin!
A2	der	Wind, -e Der Wind ist kalt.
A2	windig	Heute ist es sehr windig.
A2	wirklich	Du glaubst mir nicht? Es ist aber wirklich so.
A2	wissen, weiß,	Weißt du, wie der Hausmeister heißt?
A2	hat gewusst	Woher wissen Sie das?
A2	der	Witz, -e Wir haben Witze erzählt und viel gelacht.
A2	witzig	Warum lachst du? Ich finde das nicht witzig.
A2	wo	Wo waren Sie im Urlaub? - In Frankreich. | Wo ist meine Uhr? | Wo sind Sie geboren?
A2	woher	Woher kommen Sie? | Woher wissen Sie das?
A2	wohin	Wohin fährt dieser Bus? - Nach Dresden. | Wohin wollen Sie am Wochenende gehen?
A2	wohnen, wohnt, hat gewohnt die Wohnung, -en	Ich wohne in Kiel. | Haben Sie schon eine neue Wohnung gefunden? | Meine Wohnung ist sehr hell.
A2	das	Wohnzimmer, - Die Kinder sitzen im Wohnzimmer und sehen fern.
A2	die	Wolke, -n Heute gibt es viele Wolken.
A2	wollen, will, wollte, hat gewollt (hat wollen als Modalverb)	Wollen Sie einen Kaffee trinken?
A2	der	Workshop, -s Das war ein toller Workshop. Ich habe viel gelernt. | Am Freitag gibt es einen Computer-Workshop in meiner Firma.
A2	das Wort,¨-er	Ich kenne das Wort nicht. | Ich muss das Wort im Wörterbuch suchen.
A2	wunderbar	Diese Schokolade schmeckt wunderbar. | Wir hatten im Urlaub wunderbares Wetter.
A2	der	Wunsch, ¨-e Ich wünsche Ihnen alles Gute! | Sie wünschen? –Ich möchte ein halbes Kilo Äpfel, bitte. | Haben Sie noch einen Wunsch? | Was ist dein größter Wunsch?
A2	wünschen	Ich wünsche mir eine Kamera zum Geburtstag.
A2	die	Wurst, ¨-e Eine Wurst mit Pommes, bitte.
A2	die	Zahl, -en Können Sie die Zahl bitte wiederholen?
A2	zahlen, zahlt, hat gezahlt	Entschuldigung, zahlen bitte!
A2	der	Zahn, ¨-e Der Zahn tut mir schon seit einer Woche weh.
A2	zeichnen, zeichnet, hat gezeichnet	Caterina kann gut zeichnen. Sieh mal das Bild hier.
A2	zeigen, zeigt, hat gezeigt	Können Sie mir bitte den Weg zum Bahnhof zeigen?
A2	die	Zeit, -en Ich habe heute keine Zeit.
A2	die	Zeitschrift, -en Diese Zeitschrift kauft Andrea jede Woche.
A2	die	Zeitung, -en Ich lese manchmal Zeitung. | Wo ist die Zeitung von heute?
A2	das	Zelt, -e Im Sommer schlafen wir manchmal im Zelt.
A2	das	Zentrum, -en Der Bahnhof ist im Stadtzentrum. | Wohnst du im Zentrum? - Nein, ich wohne nicht direkt in der Stadt.
A2	der	Zettel, - Hast du einen Zettel für mich? Ich muss etwas notieren. | Schreiben Sie Ihre Telefonnummer bitte auf den Zettel.
A2	das	Zeugnis, -se Morgen bekommen die Kinder ihr Zeugnis.
A2	(an-)/(aus)ziehen, zieht (an/aus), Er hat sein T-Shirt ausgezogen und ein Hemd	Ich ziehe (mir) eine Jacke an. | hat/ist angezogen.
A2	(an/aus)gezogen	Die Nachbarn sind am Wochenende ausgezogen.
A2	das	Ziel, -e John läuft sehr schnell. Er war als erster am Ziel. | Was ist dein Ziel im Leben?
A2	das	Zimmer, - Das Zimmer ist am größten. | Mach im Schlafzimmer das Fenster zu! | Die Wohnung hat drei Zimmer. | Ich habe im Hotel ein Zimmer bestellt.
A2	der	Zirkus, -se Heute gehen wir mit den Kindern in den Zirkus.
A2	die	Zitrone, -n Ich trinke den Tee mit Zitrone. | Lucia mag Zitroneneis.
A2	der	Zoo, -s Am Sonntag gehen wir in den Zoo.
A2	zu	Der Bus fährt zum Bahnhof. | Ich gehe zu Fuß. | Ich bin zu Hause. | Das Kleid ist mir zu teuer. | Ich trinke zum Essen ein Bier.
A2	der	Zucker (Sg.) Trinken Sie den Tee mit oder ohne Zucker?
A2	zuerst	Zuerst müsst ihr die Hausaufgaben machen, dann könnt ihr spielen. | Zuerst hat mir die Arbeit gar nicht gefallen. Jetzt geht es besser.
A2	zufrieden	Ich bin mit der Wohnung zufrieden. Sie ist nicht groß, aber sie hat einen Balkon.
A2	der	Zug, ¨-e Ich fahre gern mit dem Zug.
A2	zuhören, hört zu, hat zugehört	Hör mir doch mal zu! Ich rede mit dir.
A2	zuletzt	Wir haben uns vor drei Jahren zuletzt gesehen. | Diese Aufgabe machen wir zuletzt.
A2	zum	Beispiel Mein Freund hat viele Hobbys, zum Beispiel Kochen, Lesen und Tanzen.
A2	zumachen, macht zu, hat zugemacht	Machst du bitte das Fenster zu?
A2	zurück	Eine Fahrkarte nach Frankfurt und zurück, bitte.
A2	zurück-	Fahrt ihr nach der Party zurück nach Hause?
A2	(fahren, geben,	Wann muss ich das Buch zurückgeben?
A2	gehen, kommen,	Wir gehen wieder zurück.
A2	laufen)	Wann kommst du zurück? | Ich habe mein Buch vergessen. Ich laufe schnell nach Hause zurück.
A2	zusammen	Wollen wir zusammen essen gehen? | Zahlen, bitte. –Zusammen oder getrennt? | Das macht zusammen 10 Euro 80.
A2	zwischen	Heidelberg liegt zwischen Frankfurt und Stuttgart. | Zwischen acht und zehn Uhr bin ich zu Hause.
A2	n e h nc ü | dl n	Bra x Feli
